email,company,greet,hook,core
boucherievatuone@gmail.com,Boucherievatuone,Boucherievatuone,"En restauration, entre le coup de feu du service et la gestion des réservations, j'imagine qu'il ne reste pas une minute pour répondre à tous les messages 🍽️","J'ai automatisé 80 % de ma propre entreprise (location de yacht à Carnon). Aujourd'hui je construis des infrastructures IA sur-mesure pour des PME. Chaque entreprise est différente, donc chaque système l'est aussi — mais le but est toujours le même : faire grandir votre activité sereinement, pour que vous puissiez vous concentrer sur l'essentiel."
contact@elservices-conciergerie.fr,Elservices Conciergerie,Elservices Conciergerie,"Dans l'immobilier, j'imagine que les demandes arrivent à toute heure et qu'il faut être ultra-réactif, au risque de voir le client filer ailleurs 🏡","J'ai automatisé 80 % de ma propre entreprise (location de yacht à Carnon). Aujourd'hui je construis des infrastructures IA sur-mesure pour des PME. Chaque entreprise est différente, donc chaque système l'est aussi — mais le but est toujours le même : faire grandir votre activité sereinement, pour que vous puissiez vous concentrer sur l'essentiel."
contact@lauberge-sete.fr,Lauberge Sete,Lauberge Sete,"En restauration, entre le coup de feu du service et la gestion des réservations, j'imagine qu'il ne reste pas une minute pour répondre à tous les messages 🍽️","J'ai automatisé 80 % de ma propre entreprise (location de yacht à Carnon). Aujourd'hui je construis des infrastructures IA sur-mesure pour des PME. Chaque entreprise est différente, donc chaque système l'est aussi — mais le but est toujours le même : faire grandir votre activité sereinement, pour que vous puissiez vous concentrer sur l'essentiel."
contact@mp-creations-bebe.fr,Mp Creations Bebe,Mp Creations Bebe,"Dans le commerce, j'imagine qu'entre l'accueil en boutique et la gestion des commandes, répondre à tous les messages en ligne devient vite mission impossible 🛍️","J'ai automatisé 80 % de ma propre entreprise (location de yacht à Carnon). Aujourd'hui je construis des infrastructures IA sur-mesure pour des PME. Chaque entreprise est différente, donc chaque système l'est aussi — mais le but est toujours le même : faire grandir votre activité sereinement, pour que vous puissiez vous concentrer sur l'essentiel."
contact@lesourasbar.fr,Lesourasbar,Lesourasbar,"En restauration, entre le coup de feu du service et la gestion des réservations, j'imagine qu'il ne reste pas une minute pour répondre à tous les messages 🍽️","J'ai automatisé 80 % de ma propre entreprise (location de yacht à Carnon). Aujourd'hui je construis des infrastructures IA sur-mesure pour des PME. Chaque entreprise est différente, donc chaque système l'est aussi — mais le but est toujours le même : faire grandir votre activité sereinement, pour que vous puissiez vous concentrer sur l'essentiel."
sarlmalo34@gmail.com,Hotel Sete Balaruc,Hotel Sete Balaruc,"Dans le tourisme, j'imagine que les demandes de réservation et d'info affluent à toute heure, souvent pile quand vous êtes déjà débordé 🧳","J'ai automatisé 80 % de ma propre entreprise (location de yacht à Carnon). Aujourd'hui je construis des infrastructures IA sur-mesure pour des PME. Chaque entreprise est différente, donc chaque système l'est aussi — mais le but est toujours le même : faire grandir votre activité sereinement, pour que vous puissiez vous concentrer sur l'essentiel."
contact@cpes-multireseaux.fr,Cpes Multireseaux,Cpes Multireseaux,"Dans le bâtiment, j'imagine que vos journées se passent surtout sur les chantiers — et que répondre aux demandes de devis une fois rentré le soir, c'est une autre paire de manches 👷","J'ai automatisé 80 % de ma propre entreprise (location de yacht à Carnon). Aujourd'hui je construis des infrastructures IA sur-mesure pour des PME. Chaque entreprise est différente, donc chaque système l'est aussi — mais le but est toujours le même : faire grandir votre activité sereinement, pour que vous puissiez vous concentrer sur l'essentiel."
contact@masdeladraille.fr,Masdeladraille,Masdeladraille,"Dans le bâtiment, j'imagine que vos journées se passent surtout sur les chantiers — et que répondre aux demandes de devis une fois rentré le soir, c'est une autre paire de manches 👷","J'ai automatisé 80 % de ma propre entreprise (location de yacht à Carnon). Aujourd'hui je construis des infrastructures IA sur-mesure pour des PME. Chaque entreprise est différente, donc chaque système l'est aussi — mais le but est toujours le même : faire grandir votre activité sereinement, pour que vous puissiez vous concentrer sur l'essentiel."
contact@solarandcoenergie.fr,Solarandcoenergie,Solarandcoenergie,"Dans le bâtiment, j'imagine que vos journées se passent surtout sur les chantiers — et que répondre aux demandes de devis une fois rentré le soir, c'est une autre paire de manches 👷","J'ai automatisé 80 % de ma propre entreprise (location de yacht à Carnon). Aujourd'hui je construis des infrastructures IA sur-mesure pour des PME. Chaque entreprise est différente, donc chaque système l'est aussi — mais le but est toujours le même : faire grandir votre activité sereinement, pour que vous puissiez vous concentrer sur l'essentiel."
contact@sun-sete-vtc.fr,Sun Sete Vtc,Sun Sete Vtc,"Dans le transport, j'imagine que vous êtes plus souvent sur la route qu'au téléphone — et que rappeler chaque demande de devis prend un temps fou 🚚","J'ai automatisé 80 % de ma propre entreprise (location de yacht à Carnon). Aujourd'hui je construis des infrastructures IA sur-mesure pour des PME. Chaque entreprise est différente, donc chaque système l'est aussi — mais le but est toujours le même : faire grandir votre activité sereinement, pour que vous puissiez vous concentrer sur l'essentiel."
contact@boutique-laparte.fr,Boutique Laparte,Boutique Laparte,"Dans le commerce, j'imagine qu'entre l'accueil en boutique et la gestion des commandes, répondre à tous les messages en ligne devient vite mission impossible 🛍️","J'ai automatisé 80 % de ma propre entreprise (location de yacht à Carnon). Aujourd'hui je construis des infrastructures IA sur-mesure pour des PME. Chaque entreprise est différente, donc chaque système l'est aussi — mais le but est toujours le même : faire grandir votre activité sereinement, pour que vous puissiez vous concentrer sur l'essentiel."
eas.design01@gmail.com,Easdesign,Easdesign,"Dans le bâtiment, j'imagine que vos journées se passent surtout sur les chantiers — et que répondre aux demandes de devis une fois rentré le soir, c'est une autre paire de manches 👷","J'ai automatisé 80 % de ma propre entreprise (location de yacht à Carnon). Aujourd'hui je construis des infrastructures IA sur-mesure pour des PME. Chaque entreprise est différente, donc chaque système l'est aussi — mais le but est toujours le même : faire grandir votre activité sereinement, pour que vous puissiez vous concentrer sur l'essentiel."
contact@7-transport.fr,7 Transport,7 Transport,"Dans le transport, j'imagine que vous êtes plus souvent sur la route qu'au téléphone — et que rappeler chaque demande de devis prend un temps fou 🚚","J'ai automatisé 80 % de ma propre entreprise (location de yacht à Carnon). Aujourd'hui je construis des infrastructures IA sur-mesure pour des PME. Chaque entreprise est différente, donc chaque système l'est aussi — mais le but est toujours le même : faire grandir votre activité sereinement, pour que vous puissiez vous concentrer sur l'essentiel."
contact@virtuo-energy.fr,Virtuo Energy,Virtuo Energy,"Dans le bâtiment, j'imagine que vos journées se passent surtout sur les chantiers — et que répondre aux demandes de devis une fois rentré le soir, c'est une autre paire de manches 👷","J'ai automatisé 80 % de ma propre entreprise (location de yacht à Carnon). Aujourd'hui je construis des infrastructures IA sur-mesure pour des PME. Chaque entreprise est différente, donc chaque système l'est aussi — mais le but est toujours le même : faire grandir votre activité sereinement, pour que vous puissiez vous concentrer sur l'essentiel."
contact@lenails-onglerie-formation.fr,Lenails Onglerie Formation,Lenails Onglerie Formation,"Dans la beauté, j'imagine qu'entre deux clientes il est compliqué de répondre aux demandes de rendez-vous sans interrompre la prestation 💅","J'ai automatisé 80 % de ma propre entreprise (location de yacht à Carnon). Aujourd'hui je construis des infrastructures IA sur-mesure pour des PME. Chaque entreprise est différente, donc chaque système l'est aussi — mais le but est toujours le même : faire grandir votre activité sereinement, pour que vous puissiez vous concentrer sur l'essentiel."
technic-sol@orange.fr,Technic Sol Carrelage,Technic Sol Carrelage,"Dans le bâtiment, j'imagine que vos journées se passent surtout sur les chantiers — et que répondre aux demandes de devis une fois rentré le soir, c'est une autre paire de manches 👷","J'ai automatisé 80 % de ma propre entreprise (location de yacht à Carnon). Aujourd'hui je construis des infrastructures IA sur-mesure pour des PME. Chaque entreprise est différente, donc chaque système l'est aussi — mais le but est toujours le même : faire grandir votre activité sereinement, pour que vous puissiez vous concentrer sur l'essentiel."
contact@garagecars34.fr,Garagecars34,Garagecars34,"Dans l'automobile, j'imagine qu'entre l'atelier et le téléphone qui sonne, prendre chaque demande de RDV à la volée n'est pas évident 🚗","J'ai automatisé 80 % de ma propre entreprise (location de yacht à Carnon). Aujourd'hui je construis des infrastructures IA sur-mesure pour des PME. Chaque entreprise est différente, donc chaque système l'est aussi — mais le but est toujours le même : faire grandir votre activité sereinement, pour que vous puissiez vous concentrer sur l'essentiel."
contact@lepisciniste84.fr,Lepisciniste84,Lepisciniste84,"Dans le bâtiment, j'imagine que vos journées se passent surtout sur les chantiers — et que répondre aux demandes de devis une fois rentré le soir, c'est une autre paire de manches 👷","J'ai automatisé 80 % de ma propre entreprise (location de yacht à Carnon). Aujourd'hui je construis des infrastructures IA sur-mesure pour des PME. Chaque entreprise est différente, donc chaque système l'est aussi — mais le but est toujours le même : faire grandir votre activité sereinement, pour que vous puissiez vous concentrer sur l'essentiel."
contact@fm34.fr,Fm34,Fm34,"Dans le commerce, j'imagine qu'entre l'accueil en boutique et la gestion des commandes, répondre à tous les messages en ligne devient vite mission impossible 🛍️","J'ai automatisé 80 % de ma propre entreprise (location de yacht à Carnon). Aujourd'hui je construis des infrastructures IA sur-mesure pour des PME. Chaque entreprise est différente, donc chaque système l'est aussi — mais le but est toujours le même : faire grandir votre activité sereinement, pour que vous puissiez vous concentrer sur l'essentiel."
florencebenezech@gmail.com,Lejardinsete,Lejardinsete,"Dans le bâtiment, j'imagine que vos journées se passent surtout sur les chantiers — et que répondre aux demandes de devis une fois rentré le soir, c'est une autre paire de manches 👷","J'ai automatisé 80 % de ma propre entreprise (location de yacht à Carnon). Aujourd'hui je construis des infrastructures IA sur-mesure pour des PME. Chaque entreprise est différente, donc chaque système l'est aussi — mais le but est toujours le même : faire grandir votre activité sereinement, pour que vous puissiez vous concentrer sur l'essentiel."
contact@paysagiste-entretien-creation.fr,Paysagiste Entretien Creation,Paysagiste Entretien Creation,"Dans le bâtiment, j'imagine que vos journées se passent surtout sur les chantiers — et que répondre aux demandes de devis une fois rentré le soir, c'est une autre paire de manches 👷","J'ai automatisé 80 % de ma propre entreprise (location de yacht à Carnon). Aujourd'hui je construis des infrastructures IA sur-mesure pour des PME. Chaque entreprise est différente, donc chaque système l'est aussi — mais le but est toujours le même : faire grandir votre activité sereinement, pour que vous puissiez vous concentrer sur l'essentiel."
contact@boucherie-excellence-meze.fr,Boucherie Excellence Meze,Boucherie Excellence Meze,"En restauration, entre le coup de feu du service et la gestion des réservations, j'imagine qu'il ne reste pas une minute pour répondre à tous les messages 🍽️","J'ai automatisé 80 % de ma propre entreprise (location de yacht à Carnon). Aujourd'hui je construis des infrastructures IA sur-mesure pour des PME. Chaque entreprise est différente, donc chaque système l'est aussi — mais le but est toujours le même : faire grandir votre activité sereinement, pour que vous puissiez vous concentrer sur l'essentiel."
chezfranck.reservation@gmail.com,Chezfranck11,Chezfranck11,"En restauration, entre le coup de feu du service et la gestion des réservations, j'imagine qu'il ne reste pas une minute pour répondre à tous les messages 🍽️","J'ai automatisé 80 % de ma propre entreprise (location de yacht à Carnon). Aujourd'hui je construis des infrastructures IA sur-mesure pour des PME. Chaque entreprise est différente, donc chaque système l'est aussi — mais le but est toujours le même : faire grandir votre activité sereinement, pour que vous puissiez vous concentrer sur l'essentiel."
contact@expert-bateau.fr,Expert Bateau,Expert Bateau,"Dans le bien-être, j'imagine qu'entre deux rendez-vous il est difficile de répondre à tous les messages sans casser le moment présent avec vos clients 🌿","J'ai automatisé 80 % de ma propre entreprise (location de yacht à Carnon). Aujourd'hui je construis des infrastructures IA sur-mesure pour des PME. Chaque entreprise est différente, donc chaque système l'est aussi — mais le but est toujours le même : faire grandir votre activité sereinement, pour que vous puissiez vous concentrer sur l'essentiel."
contact@graindesable-massage.fr,Graindesable Massage,Graindesable Massage,"Dans le bien-être, j'imagine qu'entre deux rendez-vous il est difficile de répondre à tous les messages sans casser le moment présent avec vos clients 🌿","J'ai automatisé 80 % de ma propre entreprise (location de yacht à Carnon). Aujourd'hui je construis des infrastructures IA sur-mesure pour des PME. Chaque entreprise est différente, donc chaque système l'est aussi — mais le but est toujours le même : faire grandir votre activité sereinement, pour que vous puissiez vous concentrer sur l'essentiel."
contact@lafermedessaveurs-34.fr,Lafermedessaveurs 34,Lafermedessaveurs 34,"Dans votre métier auprès des animaux, j'imagine qu'entre deux soins il est difficile de répondre à toutes les demandes de rendez-vous 🐾","J'ai automatisé 80 % de ma propre entreprise (location de yacht à Carnon). Aujourd'hui je construis des infrastructures IA sur-mesure pour des PME. Chaque entreprise est différente, donc chaque système l'est aussi — mais le but est toujours le même : faire grandir votre activité sereinement, pour que vous puissiez vous concentrer sur l'essentiel."
gc.kinesio@gmail.com,Geraldine Kinesiologie,Geraldine Kinesiologie,"Dans le bien-être, j'imagine qu'entre deux rendez-vous il est difficile de répondre à tous les messages sans casser le moment présent avec vos clients 🌿","J'ai automatisé 80 % de ma propre entreprise (location de yacht à Carnon). Aujourd'hui je construis des infrastructures IA sur-mesure pour des PME. Chaque entreprise est différente, donc chaque système l'est aussi — mais le but est toujours le même : faire grandir votre activité sereinement, pour que vous puissiez vous concentrer sur l'essentiel."
contact@le-pressing-sneakers.fr,Le Pressing Sneakers,Le Pressing Sneakers,"Dans le bâtiment, j'imagine que vos journées se passent surtout sur les chantiers — et que répondre aux demandes de devis une fois rentré le soir, c'est une autre paire de manches 👷","J'ai automatisé 80 % de ma propre entreprise (location de yacht à Carnon). Aujourd'hui je construis des infrastructures IA sur-mesure pour des PME. Chaque entreprise est différente, donc chaque système l'est aussi — mais le but est toujours le même : faire grandir votre activité sereinement, pour que vous puissiez vous concentrer sur l'essentiel."
contact@restaurant-lesylva.com,Restaurant Lesylva,Restaurant Lesylva,"En restauration, entre le coup de feu du service et la gestion des réservations, j'imagine qu'il ne reste pas une minute pour répondre à tous les messages 🍽️","J'ai automatisé 80 % de ma propre entreprise (location de yacht à Carnon). Aujourd'hui je construis des infrastructures IA sur-mesure pour des PME. Chaque entreprise est différente, donc chaque système l'est aussi — mais le but est toujours le même : faire grandir votre activité sereinement, pour que vous puissiez vous concentrer sur l'essentiel."
contact@conceptrenovation34.fr,Conceptrenovation34,Conceptrenovation34,"Dans le bâtiment, j'imagine que vos journées se passent surtout sur les chantiers — et que répondre aux demandes de devis une fois rentré le soir, c'est une autre paire de manches 👷","J'ai automatisé 80 % de ma propre entreprise (location de yacht à Carnon). Aujourd'hui je construis des infrastructures IA sur-mesure pour des PME. Chaque entreprise est différente, donc chaque système l'est aussi — mais le but est toujours le même : faire grandir votre activité sereinement, pour que vous puissiez vous concentrer sur l'essentiel."
contact@smo-herault.fr,Smo Herault,Smo Herault,"Dans le bâtiment, j'imagine que vos journées se passent surtout sur les chantiers — et que répondre aux demandes de devis une fois rentré le soir, c'est une autre paire de manches 👷","J'ai automatisé 80 % de ma propre entreprise (location de yacht à Carnon). Aujourd'hui je construis des infrastructures IA sur-mesure pour des PME. Chaque entreprise est différente, donc chaque système l'est aussi — mais le but est toujours le même : faire grandir votre activité sereinement, pour que vous puissiez vous concentrer sur l'essentiel."
contact@ls-selection.fr,Ls Selection,Ls Selection,"Dans le bâtiment, j'imagine que vos journées se passent surtout sur les chantiers — et que répondre aux demandes de devis une fois rentré le soir, c'est une autre paire de manches 👷","J'ai automatisé 80 % de ma propre entreprise (location de yacht à Carnon). Aujourd'hui je construis des infrastructures IA sur-mesure pour des PME. Chaque entreprise est différente, donc chaque système l'est aussi — mais le but est toujours le même : faire grandir votre activité sereinement, pour que vous puissiez vous concentrer sur l'essentiel."
contact@samfacade.fr,Samfacade,Samfacade,"Dans les loisirs, j'imagine que la gestion des réservations et des demandes d'info devient vite chronophage dès que la saison s'emballe 🎉","J'ai automatisé 80 % de ma propre entreprise (location de yacht à Carnon). Aujourd'hui je construis des infrastructures IA sur-mesure pour des PME. Chaque entreprise est différente, donc chaque système l'est aussi — mais le but est toujours le même : faire grandir votre activité sereinement, pour que vous puissiez vous concentrer sur l'essentiel."
contact.sysur@gmail.com,Sysur,Sysur,"Dans le bâtiment, j'imagine que vos journées se passent surtout sur les chantiers — et que répondre aux demandes de devis une fois rentré le soir, c'est une autre paire de manches 👷","J'ai automatisé 80 % de ma propre entreprise (location de yacht à Carnon). Aujourd'hui je construis des infrastructures IA sur-mesure pour des PME. Chaque entreprise est différente, donc chaque système l'est aussi — mais le but est toujours le même : faire grandir votre activité sereinement, pour que vous puissiez vous concentrer sur l'essentiel."
contact@marionmourrin.com,Marionmourrin,Marionmourrin,"Dans le bien-être, j'imagine qu'entre deux rendez-vous il est difficile de répondre à tous les messages sans casser le moment présent avec vos clients 🌿","J'ai automatisé 80 % de ma propre entreprise (location de yacht à Carnon). Aujourd'hui je construis des infrastructures IA sur-mesure pour des PME. Chaque entreprise est différente, donc chaque système l'est aussi — mais le but est toujours le même : faire grandir votre activité sereinement, pour que vous puissiez vous concentrer sur l'essentiel."
contact@lefabuleux-brasserie.fr,Lefabuleux Brasserie,Lefabuleux Brasserie,"En restauration, entre le coup de feu du service et la gestion des réservations, j'imagine qu'il ne reste pas une minute pour répondre à tous les messages 🍽️","J'ai automatisé 80 % de ma propre entreprise (location de yacht à Carnon). Aujourd'hui je construis des infrastructures IA sur-mesure pour des PME. Chaque entreprise est différente, donc chaque système l'est aussi — mais le but est toujours le même : faire grandir votre activité sereinement, pour que vous puissiez vous concentrer sur l'essentiel."
contact@as-demenagement.fr,As Demenagement,As Demenagement,"Dans le transport, j'imagine que vous êtes plus souvent sur la route qu'au téléphone — et que rappeler chaque demande de devis prend un temps fou 🚚","J'ai automatisé 80 % de ma propre entreprise (location de yacht à Carnon). Aujourd'hui je construis des infrastructures IA sur-mesure pour des PME. Chaque entreprise est différente, donc chaque système l'est aussi — mais le but est toujours le même : faire grandir votre activité sereinement, pour que vous puissiez vous concentrer sur l'essentiel."
contact@sas-hirailles.fr,Sas Hirailles,Sas Hirailles,"Dans le bâtiment, j'imagine que vos journées se passent surtout sur les chantiers — et que répondre aux demandes de devis une fois rentré le soir, c'est une autre paire de manches 👷","J'ai automatisé 80 % de ma propre entreprise (location de yacht à Carnon). Aujourd'hui je construis des infrastructures IA sur-mesure pour des PME. Chaque entreprise est différente, donc chaque système l'est aussi — mais le but est toujours le même : faire grandir votre activité sereinement, pour que vous puissiez vous concentrer sur l'essentiel."
contact@rg-btp.fr,Rg Btp,Rg Btp,"Dans le bâtiment, j'imagine que vos journées se passent surtout sur les chantiers — et que répondre aux demandes de devis une fois rentré le soir, c'est une autre paire de manches 👷","J'ai automatisé 80 % de ma propre entreprise (location de yacht à Carnon). Aujourd'hui je construis des infrastructures IA sur-mesure pour des PME. Chaque entreprise est différente, donc chaque système l'est aussi — mais le but est toujours le même : faire grandir votre activité sereinement, pour que vous puissiez vous concentrer sur l'essentiel."
contact@cle-auto-34.fr,Cle Auto 34,Cle Auto 34,"Dans l'automobile, j'imagine qu'entre l'atelier et le téléphone qui sonne, prendre chaque demande de RDV à la volée n'est pas évident 🚗","J'ai automatisé 80 % de ma propre entreprise (location de yacht à Carnon). Aujourd'hui je construis des infrastructures IA sur-mesure pour des PME. Chaque entreprise est différente, donc chaque système l'est aussi — mais le but est toujours le même : faire grandir votre activité sereinement, pour que vous puissiez vous concentrer sur l'essentiel."
contact@md-toiture-34.fr,Md Toiture 34,Md Toiture 34,"Dans le bâtiment, j'imagine que vos journées se passent surtout sur les chantiers — et que répondre aux demandes de devis une fois rentré le soir, c'est une autre paire de manches 👷","J'ai automatisé 80 % de ma propre entreprise (location de yacht à Carnon). Aujourd'hui je construis des infrastructures IA sur-mesure pour des PME. Chaque entreprise est différente, donc chaque système l'est aussi — mais le but est toujours le même : faire grandir votre activité sereinement, pour que vous puissiez vous concentrer sur l'essentiel."
contact@omc-construction.fr,Omc Construction,Omc Construction,"Dans le bâtiment, j'imagine que vos journées se passent surtout sur les chantiers — et que répondre aux demandes de devis une fois rentré le soir, c'est une autre paire de manches 👷","J'ai automatisé 80 % de ma propre entreprise (location de yacht à Carnon). Aujourd'hui je construis des infrastructures IA sur-mesure pour des PME. Chaque entreprise est différente, donc chaque système l'est aussi — mais le but est toujours le même : faire grandir votre activité sereinement, pour que vous puissiez vous concentrer sur l'essentiel."
contact@dp-confort.fr,Dp Confort,Dp Confort,"Dans le bâtiment, j'imagine que vos journées se passent surtout sur les chantiers — et que répondre aux demandes de devis une fois rentré le soir, c'est une autre paire de manches 👷","J'ai automatisé 80 % de ma propre entreprise (location de yacht à Carnon). Aujourd'hui je construis des infrastructures IA sur-mesure pour des PME. Chaque entreprise est différente, donc chaque système l'est aussi — mais le but est toujours le même : faire grandir votre activité sereinement, pour que vous puissiez vous concentrer sur l'essentiel."
contact@bat-services-menuiseries.fr,Bat Services Menuiseries,Bat Services Menuiseries,"Dans le bâtiment, j'imagine que vos journées se passent surtout sur les chantiers — et que répondre aux demandes de devis une fois rentré le soir, c'est une autre paire de manches 👷","J'ai automatisé 80 % de ma propre entreprise (location de yacht à Carnon). Aujourd'hui je construis des infrastructures IA sur-mesure pour des PME. Chaque entreprise est différente, donc chaque système l'est aussi — mais le but est toujours le même : faire grandir votre activité sereinement, pour que vous puissiez vous concentrer sur l'essentiel."
contact@ege-plomberie-clim.fr,Ege Plomberie Clim,Ege Plomberie Clim,"Dans le bâtiment, j'imagine que vos journées se passent surtout sur les chantiers — et que répondre aux demandes de devis une fois rentré le soir, c'est une autre paire de manches 👷","J'ai automatisé 80 % de ma propre entreprise (location de yacht à Carnon). Aujourd'hui je construis des infrastructures IA sur-mesure pour des PME. Chaque entreprise est différente, donc chaque système l'est aussi — mais le but est toujours le même : faire grandir votre activité sereinement, pour que vous puissiez vous concentrer sur l'essentiel."
contact@ohwell-reglages-suspensions.fr,Ohwell Reglages Suspensions,Ohwell Reglages Suspensions,"Dans la formation, j'imagine que vous jonglez en permanence entre la préparation des sessions et les demandes d'inscription qui tombent à toute heure 📚","J'ai automatisé 80 % de ma propre entreprise (location de yacht à Carnon). Aujourd'hui je construis des infrastructures IA sur-mesure pour des PME. Chaque entreprise est différente, donc chaque système l'est aussi — mais le but est toujours le même : faire grandir votre activité sereinement, pour que vous puissiez vous concentrer sur l'essentiel."
contact@st-plomberie-depannage.fr,St Plomberie Depannage,St Plomberie Depannage,"Dans le bâtiment, j'imagine que vos journées se passent surtout sur les chantiers — et que répondre aux demandes de devis une fois rentré le soir, c'est une autre paire de manches 👷","J'ai automatisé 80 % de ma propre entreprise (location de yacht à Carnon). Aujourd'hui je construis des infrastructures IA sur-mesure pour des PME. Chaque entreprise est différente, donc chaque système l'est aussi — mais le but est toujours le même : faire grandir votre activité sereinement, pour que vous puissiez vous concentrer sur l'essentiel."
contact@slecoenergie.fr,Slecoenergie,Slecoenergie,"Dans le bâtiment, j'imagine que vos journées se passent surtout sur les chantiers — et que répondre aux demandes de devis une fois rentré le soir, c'est une autre paire de manches 👷","J'ai automatisé 80 % de ma propre entreprise (location de yacht à Carnon). Aujourd'hui je construis des infrastructures IA sur-mesure pour des PME. Chaque entreprise est différente, donc chaque système l'est aussi — mais le but est toujours le même : faire grandir votre activité sereinement, pour que vous puissiez vous concentrer sur l'essentiel."
contact@jotheo-photo.fr,Jotheo Photo,Jotheo Photo,"Dans l'immobilier, j'imagine que les demandes arrivent à toute heure et qu'il faut être ultra-réactif, au risque de voir le client filer ailleurs 🏡","J'ai automatisé 80 % de ma propre entreprise (location de yacht à Carnon). Aujourd'hui je construis des infrastructures IA sur-mesure pour des PME. Chaque entreprise est différente, donc chaque système l'est aussi — mais le but est toujours le même : faire grandir votre activité sereinement, pour que vous puissiez vous concentrer sur l'essentiel."
contact@maitre-doeuvre-ferrer.fr,Maitre Doeuvre Ferrer,Maitre Doeuvre Ferrer,"Dans le bâtiment, j'imagine que vos journées se passent surtout sur les chantiers — et que répondre aux demandes de devis une fois rentré le soir, c'est une autre paire de manches 👷","J'ai automatisé 80 % de ma propre entreprise (location de yacht à Carnon). Aujourd'hui je construis des infrastructures IA sur-mesure pour des PME. Chaque entreprise est différente, donc chaque système l'est aussi — mais le but est toujours le même : faire grandir votre activité sereinement, pour que vous puissiez vous concentrer sur l'essentiel."
contact@restaurant-tapas-lecomptoirdepepette.fr,Restaurant Tapas Lecomptoirdepepette,Restaurant Tapas Lecomptoirdepepette,"En restauration, entre le coup de feu du service et la gestion des réservations, j'imagine qu'il ne reste pas une minute pour répondre à tous les messages 🍽️","J'ai automatisé 80 % de ma propre entreprise (location de yacht à Carnon). Aujourd'hui je construis des infrastructures IA sur-mesure pour des PME. Chaque entreprise est différente, donc chaque système l'est aussi — mais le but est toujours le même : faire grandir votre activité sereinement, pour que vous puissiez vous concentrer sur l'essentiel."
contact@me-facades.fr,Me Facades,Me Facades,"Dans le bâtiment, j'imagine que vos journées se passent surtout sur les chantiers — et que répondre aux demandes de devis une fois rentré le soir, c'est une autre paire de manches 👷","J'ai automatisé 80 % de ma propre entreprise (location de yacht à Carnon). Aujourd'hui je construis des infrastructures IA sur-mesure pour des PME. Chaque entreprise est différente, donc chaque système l'est aussi — mais le but est toujours le même : faire grandir votre activité sereinement, pour que vous puissiez vous concentrer sur l'essentiel."
contact@couvreur-sorrel-monptellier.fr,Couvreur Sorrel Monptellier,Couvreur Sorrel Monptellier,"Dans le bâtiment, j'imagine que vos journées se passent surtout sur les chantiers — et que répondre aux demandes de devis une fois rentré le soir, c'est une autre paire de manches 👷","J'ai automatisé 80 % de ma propre entreprise (location de yacht à Carnon). Aujourd'hui je construis des infrastructures IA sur-mesure pour des PME. Chaque entreprise est différente, donc chaque système l'est aussi — mais le but est toujours le même : faire grandir votre activité sereinement, pour que vous puissiez vous concentrer sur l'essentiel."
contact@pizzanostra34.fr,Pizzanostra34,Pizzanostra34,"En restauration, entre le coup de feu du service et la gestion des réservations, j'imagine qu'il ne reste pas une minute pour répondre à tous les messages 🍽️","J'ai automatisé 80 % de ma propre entreprise (location de yacht à Carnon). Aujourd'hui je construis des infrastructures IA sur-mesure pour des PME. Chaque entreprise est différente, donc chaque système l'est aussi — mais le but est toujours le même : faire grandir votre activité sereinement, pour que vous puissiez vous concentrer sur l'essentiel."
contact@smash-burger-34.fr,Smash Burger 34,Smash Burger 34,"En restauration, entre le coup de feu du service et la gestion des réservations, j'imagine qu'il ne reste pas une minute pour répondre à tous les messages 🍽️","J'ai automatisé 80 % de ma propre entreprise (location de yacht à Carnon). Aujourd'hui je construis des infrastructures IA sur-mesure pour des PME. Chaque entreprise est différente, donc chaque système l'est aussi — mais le but est toujours le même : faire grandir votre activité sereinement, pour que vous puissiez vous concentrer sur l'essentiel."
contact@head-spa-instant-douceur.fr,Head Spa Instant Douceur,Head Spa Instant Douceur,"Dans la beauté, j'imagine qu'entre deux clientes il est compliqué de répondre aux demandes de rendez-vous sans interrompre la prestation 💅","J'ai automatisé 80 % de ma propre entreprise (location de yacht à Carnon). Aujourd'hui je construis des infrastructures IA sur-mesure pour des PME. Chaque entreprise est différente, donc chaque système l'est aussi — mais le but est toujours le même : faire grandir votre activité sereinement, pour que vous puissiez vous concentrer sur l'essentiel."
contact@herault-dem.fr,Herault Dem,Herault Dem,"Dans l'immobilier, j'imagine que les demandes arrivent à toute heure et qu'il faut être ultra-réactif, au risque de voir le client filer ailleurs 🏡","J'ai automatisé 80 % de ma propre entreprise (location de yacht à Carnon). Aujourd'hui je construis des infrastructures IA sur-mesure pour des PME. Chaque entreprise est différente, donc chaque système l'est aussi — mais le but est toujours le même : faire grandir votre activité sereinement, pour que vous puissiez vous concentrer sur l'essentiel."
contact@msbati34.fr,Msbati34,Msbati34,"Dans le bâtiment, j'imagine que vos journées se passent surtout sur les chantiers — et que répondre aux demandes de devis une fois rentré le soir, c'est une autre paire de manches 👷","J'ai automatisé 80 % de ma propre entreprise (location de yacht à Carnon). Aujourd'hui je construis des infrastructures IA sur-mesure pour des PME. Chaque entreprise est différente, donc chaque système l'est aussi — mais le but est toujours le même : faire grandir votre activité sereinement, pour que vous puissiez vous concentrer sur l'essentiel."
contact@lorenzo-pizza-35.fr,Lorenzo Pizza 35,Lorenzo Pizza 35,"En restauration, entre le coup de feu du service et la gestion des réservations, j'imagine qu'il ne reste pas une minute pour répondre à tous les messages 🍽️","J'ai automatisé 80 % de ma propre entreprise (location de yacht à Carnon). Aujourd'hui je construis des infrastructures IA sur-mesure pour des PME. Chaque entreprise est différente, donc chaque système l'est aussi — mais le but est toujours le même : faire grandir votre activité sereinement, pour que vous puissiez vous concentrer sur l'essentiel."
contact@car-wash-pro.fr,Car Wash Pro,Car Wash Pro,"Dans le bâtiment, j'imagine que vos journées se passent surtout sur les chantiers — et que répondre aux demandes de devis une fois rentré le soir, c'est une autre paire de manches 👷","J'ai automatisé 80 % de ma propre entreprise (location de yacht à Carnon). Aujourd'hui je construis des infrastructures IA sur-mesure pour des PME. Chaque entreprise est différente, donc chaque système l'est aussi — mais le but est toujours le même : faire grandir votre activité sereinement, pour que vous puissiez vous concentrer sur l'essentiel."
contact@lesfeesglamour.fr,Lesfeesglamour,Lesfeesglamour,"Dans la beauté, j'imagine qu'entre deux clientes il est compliqué de répondre aux demandes de rendez-vous sans interrompre la prestation 💅","J'ai automatisé 80 % de ma propre entreprise (location de yacht à Carnon). Aujourd'hui je construis des infrastructures IA sur-mesure pour des PME. Chaque entreprise est différente, donc chaque système l'est aussi — mais le but est toujours le même : faire grandir votre activité sereinement, pour que vous puissiez vous concentrer sur l'essentiel."
contact@sas-goudal.fr,Sas Goudal,Sas Goudal,"Dans le bâtiment, j'imagine que vos journées se passent surtout sur les chantiers — et que répondre aux demandes de devis une fois rentré le soir, c'est une autre paire de manches 👷","J'ai automatisé 80 % de ma propre entreprise (location de yacht à Carnon). Aujourd'hui je construis des infrastructures IA sur-mesure pour des PME. Chaque entreprise est différente, donc chaque système l'est aussi — mais le but est toujours le même : faire grandir votre activité sereinement, pour que vous puissiez vous concentrer sur l'essentiel."
contact@autospark34.fr,Autospark34,Autospark34,"Dans la beauté, j'imagine qu'entre deux clientes il est compliqué de répondre aux demandes de rendez-vous sans interrompre la prestation 💅","J'ai automatisé 80 % de ma propre entreprise (location de yacht à Carnon). Aujourd'hui je construis des infrastructures IA sur-mesure pour des PME. Chaque entreprise est différente, donc chaque système l'est aussi — mais le but est toujours le même : faire grandir votre activité sereinement, pour que vous puissiez vous concentrer sur l'essentiel."
contact@villafamiliale.fr,Villafamiliale,Villafamiliale,"Dans l'immobilier, j'imagine que les demandes arrivent à toute heure et qu'il faut être ultra-réactif, au risque de voir le client filer ailleurs 🏡","J'ai automatisé 80 % de ma propre entreprise (location de yacht à Carnon). Aujourd'hui je construis des infrastructures IA sur-mesure pour des PME. Chaque entreprise est différente, donc chaque système l'est aussi — mais le but est toujours le même : faire grandir votre activité sereinement, pour que vous puissiez vous concentrer sur l'essentiel."
contact@herault-constructions.fr,Herault Constructions,Herault Constructions,"Dans le bâtiment, j'imagine que vos journées se passent surtout sur les chantiers — et que répondre aux demandes de devis une fois rentré le soir, c'est une autre paire de manches 👷","J'ai automatisé 80 % de ma propre entreprise (location de yacht à Carnon). Aujourd'hui je construis des infrastructures IA sur-mesure pour des PME. Chaque entreprise est différente, donc chaque système l'est aussi — mais le but est toujours le même : faire grandir votre activité sereinement, pour que vous puissiez vous concentrer sur l'essentiel."
contact@kourtel-facades.fr,Kourtel Facades,Kourtel Facades,"Dans le bâtiment, j'imagine que vos journées se passent surtout sur les chantiers — et que répondre aux demandes de devis une fois rentré le soir, c'est une autre paire de manches 👷","J'ai automatisé 80 % de ma propre entreprise (location de yacht à Carnon). Aujourd'hui je construis des infrastructures IA sur-mesure pour des PME. Chaque entreprise est différente, donc chaque système l'est aussi — mais le but est toujours le même : faire grandir votre activité sereinement, pour que vous puissiez vous concentrer sur l'essentiel."
leflamant13@orange.fr,Restaurant Leflamant Lunel,Restaurant Leflamant Lunel,"En restauration, entre le coup de feu du service et la gestion des réservations, j'imagine qu'il ne reste pas une minute pour répondre à tous les messages 🍽️","J'ai automatisé 80 % de ma propre entreprise (location de yacht à Carnon). Aujourd'hui je construis des infrastructures IA sur-mesure pour des PME. Chaque entreprise est différente, donc chaque système l'est aussi — mais le but est toujours le même : faire grandir votre activité sereinement, pour que vous puissiez vous concentrer sur l'essentiel."
contact@tanzi-construction.fr,Tanzi Construction,Tanzi Construction,"Dans le bâtiment, j'imagine que vos journées se passent surtout sur les chantiers — et que répondre aux demandes de devis une fois rentré le soir, c'est une autre paire de manches 👷","J'ai automatisé 80 % de ma propre entreprise (location de yacht à Carnon). Aujourd'hui je construis des infrastructures IA sur-mesure pour des PME. Chaque entreprise est différente, donc chaque système l'est aussi — mais le but est toujours le même : faire grandir votre activité sereinement, pour que vous puissiez vous concentrer sur l'essentiel."
contact@mstp-travaux-publics.fr,Mstp Travaux Publics,Mstp Travaux Publics,"Dans l'immobilier, j'imagine que les demandes arrivent à toute heure et qu'il faut être ultra-réactif, au risque de voir le client filer ailleurs 🏡","J'ai automatisé 80 % de ma propre entreprise (location de yacht à Carnon). Aujourd'hui je construis des infrastructures IA sur-mesure pour des PME. Chaque entreprise est différente, donc chaque système l'est aussi — mais le but est toujours le même : faire grandir votre activité sereinement, pour que vous puissiez vous concentrer sur l'essentiel."
contact@b2construction.fr,B2construction,B2construction,"Dans le bâtiment, j'imagine que vos journées se passent surtout sur les chantiers — et que répondre aux demandes de devis une fois rentré le soir, c'est une autre paire de manches 👷","J'ai automatisé 80 % de ma propre entreprise (location de yacht à Carnon). Aujourd'hui je construis des infrastructures IA sur-mesure pour des PME. Chaque entreprise est différente, donc chaque système l'est aussi — mais le but est toujours le même : faire grandir votre activité sereinement, pour que vous puissiez vous concentrer sur l'essentiel."
contact@chrono-cles.fr,Chrono Cles,Chrono Cles,"Dans la formation, j'imagine que vous jonglez en permanence entre la préparation des sessions et les demandes d'inscription qui tombent à toute heure 📚","J'ai automatisé 80 % de ma propre entreprise (location de yacht à Carnon). Aujourd'hui je construis des infrastructures IA sur-mesure pour des PME. Chaque entreprise est différente, donc chaque système l'est aussi — mais le but est toujours le même : faire grandir votre activité sereinement, pour que vous puissiez vous concentrer sur l'essentiel."
quatra.charlene@gmail.com,Astuceformation,Astuceformation,"Dans la formation, j'imagine que vous jonglez en permanence entre la préparation des sessions et les demandes d'inscription qui tombent à toute heure 📚","J'ai automatisé 80 % de ma propre entreprise (location de yacht à Carnon). Aujourd'hui je construis des infrastructures IA sur-mesure pour des PME. Chaque entreprise est différente, donc chaque système l'est aussi — mais le but est toujours le même : faire grandir votre activité sereinement, pour que vous puissiez vous concentrer sur l'essentiel."
contact@ek-plomberie.fr,Ek Plomberie,Ek Plomberie,"Dans le bâtiment, j'imagine que vos journées se passent surtout sur les chantiers — et que répondre aux demandes de devis une fois rentré le soir, c'est une autre paire de manches 👷","J'ai automatisé 80 % de ma propre entreprise (location de yacht à Carnon). Aujourd'hui je construis des infrastructures IA sur-mesure pour des PME. Chaque entreprise est différente, donc chaque système l'est aussi — mais le but est toujours le même : faire grandir votre activité sereinement, pour que vous puissiez vous concentrer sur l'essentiel."
contact@destock-depot.fr,Destock Depot,Destock Depot,"Dans le commerce, j'imagine qu'entre l'accueil en boutique et la gestion des commandes, répondre à tous les messages en ligne devient vite mission impossible 🛍️","J'ai automatisé 80 % de ma propre entreprise (location de yacht à Carnon). Aujourd'hui je construis des infrastructures IA sur-mesure pour des PME. Chaque entreprise est différente, donc chaque système l'est aussi — mais le but est toujours le même : faire grandir votre activité sereinement, pour que vous puissiez vous concentrer sur l'essentiel."
contact@legarageacuir.com,Legarageacuir,Legarageacuir,"Dans le bâtiment, j'imagine que vos journées se passent surtout sur les chantiers — et que répondre aux demandes de devis une fois rentré le soir, c'est une autre paire de manches 👷","J'ai automatisé 80 % de ma propre entreprise (location de yacht à Carnon). Aujourd'hui je construis des infrastructures IA sur-mesure pour des PME. Chaque entreprise est différente, donc chaque système l'est aussi — mais le but est toujours le même : faire grandir votre activité sereinement, pour que vous puissiez vous concentrer sur l'essentiel."
contact@dn-btp.fr,Dn Btp,Dn Btp,"Dans le bâtiment, j'imagine que vos journées se passent surtout sur les chantiers — et que répondre aux demandes de devis une fois rentré le soir, c'est une autre paire de manches 👷","J'ai automatisé 80 % de ma propre entreprise (location de yacht à Carnon). Aujourd'hui je construis des infrastructures IA sur-mesure pour des PME. Chaque entreprise est différente, donc chaque système l'est aussi — mais le but est toujours le même : faire grandir votre activité sereinement, pour que vous puissiez vous concentrer sur l'essentiel."
contact@dahon-decoration-peinture-34.fr,Dahon Decoration Peinture 34,Dahon Decoration Peinture 34,"Dans les loisirs, j'imagine que la gestion des réservations et des demandes d'info devient vite chronophage dès que la saison s'emballe 🎉","J'ai automatisé 80 % de ma propre entreprise (location de yacht à Carnon). Aujourd'hui je construis des infrastructures IA sur-mesure pour des PME. Chaque entreprise est différente, donc chaque système l'est aussi — mais le but est toujours le même : faire grandir votre activité sereinement, pour que vous puissiez vous concentrer sur l'essentiel."
thebeautyshow34@gmail.com,Institut The Beauty Show,Institut The Beauty Show,"Dans la beauté, j'imagine qu'entre deux clientes il est compliqué de répondre aux demandes de rendez-vous sans interrompre la prestation 💅","J'ai automatisé 80 % de ma propre entreprise (location de yacht à Carnon). Aujourd'hui je construis des infrastructures IA sur-mesure pour des PME. Chaque entreprise est différente, donc chaque système l'est aussi — mais le but est toujours le même : faire grandir votre activité sereinement, pour que vous puissiez vous concentrer sur l'essentiel."
contact@lo-esign-architecte.fr,Lo Esign Architecte,Lo Esign Architecte,"Dans le commerce, j'imagine qu'entre l'accueil en boutique et la gestion des commandes, répondre à tous les messages en ligne devient vite mission impossible 🛍️","J'ai automatisé 80 % de ma propre entreprise (location de yacht à Carnon). Aujourd'hui je construis des infrastructures IA sur-mesure pour des PME. Chaque entreprise est différente, donc chaque système l'est aussi — mais le but est toujours le même : faire grandir votre activité sereinement, pour que vous puissiez vous concentrer sur l'essentiel."
contact@commealamaison-34.fr,Commealamaison 34,Commealamaison 34,"Dans l'immobilier, j'imagine que les demandes arrivent à toute heure et qu'il faut être ultra-réactif, au risque de voir le client filer ailleurs 🏡","J'ai automatisé 80 % de ma propre entreprise (location de yacht à Carnon). Aujourd'hui je construis des infrastructures IA sur-mesure pour des PME. Chaque entreprise est différente, donc chaque système l'est aussi — mais le but est toujours le même : faire grandir votre activité sereinement, pour que vous puissiez vous concentrer sur l'essentiel."
contact@ide-elec-neuf-renovation.fr,Ide Elec Neuf Renovation,Ide Elec Neuf Renovation,"Dans le bâtiment, j'imagine que vos journées se passent surtout sur les chantiers — et que répondre aux demandes de devis une fois rentré le soir, c'est une autre paire de manches 👷","J'ai automatisé 80 % de ma propre entreprise (location de yacht à Carnon). Aujourd'hui je construis des infrastructures IA sur-mesure pour des PME. Chaque entreprise est différente, donc chaque système l'est aussi — mais le but est toujours le même : faire grandir votre activité sereinement, pour que vous puissiez vous concentrer sur l'essentiel."
contact@terres-de-lumiere.fr,Terres De Lumiere,Terres De Lumiere,"Dans le bien-être, j'imagine qu'entre deux rendez-vous il est difficile de répondre à tous les messages sans casser le moment présent avec vos clients 🌿","J'ai automatisé 80 % de ma propre entreprise (location de yacht à Carnon). Aujourd'hui je construis des infrastructures IA sur-mesure pour des PME. Chaque entreprise est différente, donc chaque système l'est aussi — mais le but est toujours le même : faire grandir votre activité sereinement, pour que vous puissiez vous concentrer sur l'essentiel."
contact@prosud-auto-34.fr,Prosud Auto 34,Prosud Auto 34,"Dans l'automobile, j'imagine qu'entre l'atelier et le téléphone qui sonne, prendre chaque demande de RDV à la volée n'est pas évident 🚗","J'ai automatisé 80 % de ma propre entreprise (location de yacht à Carnon). Aujourd'hui je construis des infrastructures IA sur-mesure pour des PME. Chaque entreprise est différente, donc chaque système l'est aussi — mais le but est toujours le même : faire grandir votre activité sereinement, pour que vous puissiez vous concentrer sur l'essentiel."
contact@weisun-sport-harmonie.com,Weisun Sport Harmonie,Weisun Sport Harmonie,"Dans le bien-être, j'imagine qu'entre deux rendez-vous il est difficile de répondre à tous les messages sans casser le moment présent avec vos clients 🌿","J'ai automatisé 80 % de ma propre entreprise (location de yacht à Carnon). Aujourd'hui je construis des infrastructures IA sur-mesure pour des PME. Chaque entreprise est différente, donc chaque système l'est aussi — mais le but est toujours le même : faire grandir votre activité sereinement, pour que vous puissiez vous concentrer sur l'essentiel."
contact@climasur.fr,Climasur,Climasur,"Dans le bâtiment, j'imagine que vos journées se passent surtout sur les chantiers — et que répondre aux demandes de devis une fois rentré le soir, c'est une autre paire de manches 👷","J'ai automatisé 80 % de ma propre entreprise (location de yacht à Carnon). Aujourd'hui je construis des infrastructures IA sur-mesure pour des PME. Chaque entreprise est différente, donc chaque système l'est aussi — mais le but est toujours le même : faire grandir votre activité sereinement, pour que vous puissiez vous concentrer sur l'essentiel."
contact@refpro.fr,Beatitude Jardins,Beatitude Jardins,"Dans le bien-être, j'imagine qu'entre deux rendez-vous il est difficile de répondre à tous les messages sans casser le moment présent avec vos clients 🌿","J'ai automatisé 80 % de ma propre entreprise (location de yacht à Carnon). Aujourd'hui je construis des infrastructures IA sur-mesure pour des PME. Chaque entreprise est différente, donc chaque système l'est aussi — mais le but est toujours le même : faire grandir votre activité sereinement, pour que vous puissiez vous concentrer sur l'essentiel."
bournel.fe@gmail.com,Bournel Fuite Eau,Bournel Fuite Eau,"Dans le bâtiment, j'imagine que vos journées se passent surtout sur les chantiers — et que répondre aux demandes de devis une fois rentré le soir, c'est une autre paire de manches 👷","J'ai automatisé 80 % de ma propre entreprise (location de yacht à Carnon). Aujourd'hui je construis des infrastructures IA sur-mesure pour des PME. Chaque entreprise est différente, donc chaque système l'est aussi — mais le but est toujours le même : faire grandir votre activité sereinement, pour que vous puissiez vous concentrer sur l'essentiel."
contact@geynelec.com,Geynelec,Geynelec,"Dans le bâtiment, j'imagine que vos journées se passent surtout sur les chantiers — et que répondre aux demandes de devis une fois rentré le soir, c'est une autre paire de manches 👷","J'ai automatisé 80 % de ma propre entreprise (location de yacht à Carnon). Aujourd'hui je construis des infrastructures IA sur-mesure pour des PME. Chaque entreprise est différente, donc chaque système l'est aussi — mais le but est toujours le même : faire grandir votre activité sereinement, pour que vous puissiez vous concentrer sur l'essentiel."
contact@wonder-beautys-onglerie.fr,Wonder Beautys Onglerie,Wonder Beautys Onglerie,"Dans la beauté, j'imagine qu'entre deux clientes il est compliqué de répondre aux demandes de rendez-vous sans interrompre la prestation 💅","J'ai automatisé 80 % de ma propre entreprise (location de yacht à Carnon). Aujourd'hui je construis des infrastructures IA sur-mesure pour des PME. Chaque entreprise est différente, donc chaque système l'est aussi — mais le but est toujours le même : faire grandir votre activité sereinement, pour que vous puissiez vous concentrer sur l'essentiel."
contact@lolo-paello.fr,Lolo Paello,Lolo Paello,"Dans le transport, j'imagine que vous êtes plus souvent sur la route qu'au téléphone — et que rappeler chaque demande de devis prend un temps fou 🚚","J'ai automatisé 80 % de ma propre entreprise (location de yacht à Carnon). Aujourd'hui je construis des infrastructures IA sur-mesure pour des PME. Chaque entreprise est différente, donc chaque système l'est aussi — mais le but est toujours le même : faire grandir votre activité sereinement, pour que vous puissiez vous concentrer sur l'essentiel."
contact@carrosserie-trintignac.fr,Carrosserie Trintignac,Carrosserie Trintignac,"Dans l'automobile, j'imagine qu'entre l'atelier et le téléphone qui sonne, prendre chaque demande de RDV à la volée n'est pas évident 🚗","J'ai automatisé 80 % de ma propre entreprise (location de yacht à Carnon). Aujourd'hui je construis des infrastructures IA sur-mesure pour des PME. Chaque entreprise est différente, donc chaque système l'est aussi — mais le but est toujours le même : faire grandir votre activité sereinement, pour que vous puissiez vous concentrer sur l'essentiel."
contact@7-concept.fr,7 Concept,7 Concept,"Dans l'immobilier, j'imagine que les demandes arrivent à toute heure et qu'il faut être ultra-réactif, au risque de voir le client filer ailleurs 🏡","J'ai automatisé 80 % de ma propre entreprise (location de yacht à Carnon). Aujourd'hui je construis des infrastructures IA sur-mesure pour des PME. Chaque entreprise est différente, donc chaque système l'est aussi — mais le but est toujours le même : faire grandir votre activité sereinement, pour que vous puissiez vous concentrer sur l'essentiel."
contact@bg-energie-30.fr,Bg Energie 30,Bg Energie 30,"Dans le bâtiment, j'imagine que vos journées se passent surtout sur les chantiers — et que répondre aux demandes de devis une fois rentré le soir, c'est une autre paire de manches 👷","J'ai automatisé 80 % de ma propre entreprise (location de yacht à Carnon). Aujourd'hui je construis des infrastructures IA sur-mesure pour des PME. Chaque entreprise est différente, donc chaque système l'est aussi — mais le but est toujours le même : faire grandir votre activité sereinement, pour que vous puissiez vous concentrer sur l'essentiel."
contact@destock-pneus-30.fr,Destock Pneus 30,Destock Pneus 30,"Dans l'automobile, j'imagine qu'entre l'atelier et le téléphone qui sonne, prendre chaque demande de RDV à la volée n'est pas évident 🚗","J'ai automatisé 80 % de ma propre entreprise (location de yacht à Carnon). Aujourd'hui je construis des infrastructures IA sur-mesure pour des PME. Chaque entreprise est différente, donc chaque système l'est aussi — mais le but est toujours le même : faire grandir votre activité sereinement, pour que vous puissiez vous concentrer sur l'essentiel."
contact@multiservices-lafont.fr,Multiservices Lafont,Multiservices Lafont,"Dans le bien-être, j'imagine qu'entre deux rendez-vous il est difficile de répondre à tous les messages sans casser le moment présent avec vos clients 🌿","J'ai automatisé 80 % de ma propre entreprise (location de yacht à Carnon). Aujourd'hui je construis des infrastructures IA sur-mesure pour des PME. Chaque entreprise est différente, donc chaque système l'est aussi — mais le but est toujours le même : faire grandir votre activité sereinement, pour que vous puissiez vous concentrer sur l'essentiel."
contact@floctex-distribution.fr,Floctex Distribution,Floctex Distribution,"Dans le commerce, j'imagine qu'entre l'accueil en boutique et la gestion des commandes, répondre à tous les messages en ligne devient vite mission impossible 🛍️","J'ai automatisé 80 % de ma propre entreprise (location de yacht à Carnon). Aujourd'hui je construis des infrastructures IA sur-mesure pour des PME. Chaque entreprise est différente, donc chaque système l'est aussi — mais le but est toujours le même : faire grandir votre activité sereinement, pour que vous puissiez vous concentrer sur l'essentiel."
contact@antho-carreaux.fr,Antho Carreaux,Antho Carreaux,"Dans le commerce, j'imagine qu'entre l'accueil en boutique et la gestion des commandes, répondre à tous les messages en ligne devient vite mission impossible 🛍️","J'ai automatisé 80 % de ma propre entreprise (location de yacht à Carnon). Aujourd'hui je construis des infrastructures IA sur-mesure pour des PME. Chaque entreprise est différente, donc chaque système l'est aussi — mais le but est toujours le même : faire grandir votre activité sereinement, pour que vous puissiez vous concentrer sur l'essentiel."
contact@clom-climatisation.fr,Clom Climatisation,Clom Climatisation,"Dans le bâtiment, j'imagine que vos journées se passent surtout sur les chantiers — et que répondre aux demandes de devis une fois rentré le soir, c'est une autre paire de manches 👷","J'ai automatisé 80 % de ma propre entreprise (location de yacht à Carnon). Aujourd'hui je construis des infrastructures IA sur-mesure pour des PME. Chaque entreprise est différente, donc chaque système l'est aussi — mais le but est toujours le même : faire grandir votre activité sereinement, pour que vous puissiez vous concentrer sur l'essentiel."
id.taxiservices1@gmail.com,Id Taxi Services,Id Taxi Services,"Dans le transport, j'imagine que vous êtes plus souvent sur la route qu'au téléphone — et que rappeler chaque demande de devis prend un temps fou 🚚","J'ai automatisé 80 % de ma propre entreprise (location de yacht à Carnon). Aujourd'hui je construis des infrastructures IA sur-mesure pour des PME. Chaque entreprise est différente, donc chaque système l'est aussi — mais le but est toujours le même : faire grandir votre activité sereinement, pour que vous puissiez vous concentrer sur l'essentiel."
loiseaubrunch@gmail.com,Restaurant Loiseau Brunch,Restaurant Loiseau Brunch,"En restauration, entre le coup de feu du service et la gestion des réservations, j'imagine qu'il ne reste pas une minute pour répondre à tous les messages 🍽️","J'ai automatisé 80 % de ma propre entreprise (location de yacht à Carnon). Aujourd'hui je construis des infrastructures IA sur-mesure pour des PME. Chaque entreprise est différente, donc chaque système l'est aussi — mais le but est toujours le même : faire grandir votre activité sereinement, pour que vous puissiez vous concentrer sur l'essentiel."
techniquecaoutchouc30@gmail.com,Techniquecaoutchouc,Techniquecaoutchouc,"Dans le transport, j'imagine que vous êtes plus souvent sur la route qu'au téléphone — et que rappeler chaque demande de devis prend un temps fou 🚚","J'ai automatisé 80 % de ma propre entreprise (location de yacht à Carnon). Aujourd'hui je construis des infrastructures IA sur-mesure pour des PME. Chaque entreprise est différente, donc chaque système l'est aussi — mais le but est toujours le même : faire grandir votre activité sereinement, pour que vous puissiez vous concentrer sur l'essentiel."
contact@auto-tec-services.com,Auto Tec Services,Auto Tec Services,"Dans l'automobile, j'imagine qu'entre l'atelier et le téléphone qui sonne, prendre chaque demande de RDV à la volée n'est pas évident 🚗","J'ai automatisé 80 % de ma propre entreprise (location de yacht à Carnon). Aujourd'hui je construis des infrastructures IA sur-mesure pour des PME. Chaque entreprise est différente, donc chaque système l'est aussi — mais le but est toujours le même : faire grandir votre activité sereinement, pour que vous puissiez vous concentrer sur l'essentiel."
contact@jo-multiservices.fr,Jo Multiservices,Jo Multiservices,"Dans le bâtiment, j'imagine que vos journées se passent surtout sur les chantiers — et que répondre aux demandes de devis une fois rentré le soir, c'est une autre paire de manches 👷","J'ai automatisé 80 % de ma propre entreprise (location de yacht à Carnon). Aujourd'hui je construis des infrastructures IA sur-mesure pour des PME. Chaque entreprise est différente, donc chaque système l'est aussi — mais le but est toujours le même : faire grandir votre activité sereinement, pour que vous puissiez vous concentrer sur l'essentiel."
contact@studio25gard.fr,Studio25gard,Studio25gard,"Dans la formation, j'imagine que vous jonglez en permanence entre la préparation des sessions et les demandes d'inscription qui tombent à toute heure 📚","J'ai automatisé 80 % de ma propre entreprise (location de yacht à Carnon). Aujourd'hui je construis des infrastructures IA sur-mesure pour des PME. Chaque entreprise est différente, donc chaque système l'est aussi — mais le but est toujours le même : faire grandir votre activité sereinement, pour que vous puissiez vous concentrer sur l'essentiel."
contact@couvreur-pad-zinguerie.fr,Couvreur Pad Zinguerie,Couvreur Pad Zinguerie,"Dans le bâtiment, j'imagine que vos journées se passent surtout sur les chantiers — et que répondre aux demandes de devis une fois rentré le soir, c'est une autre paire de manches 👷","J'ai automatisé 80 % de ma propre entreprise (location de yacht à Carnon). Aujourd'hui je construis des infrastructures IA sur-mesure pour des PME. Chaque entreprise est différente, donc chaque système l'est aussi — mais le but est toujours le même : faire grandir votre activité sereinement, pour que vous puissiez vous concentrer sur l'essentiel."
contact@gravillons.fr,Gravillons,Gravillons,"Dans le commerce, j'imagine qu'entre l'accueil en boutique et la gestion des commandes, répondre à tous les messages en ligne devient vite mission impossible 🛍️","J'ai automatisé 80 % de ma propre entreprise (location de yacht à Carnon). Aujourd'hui je construis des infrastructures IA sur-mesure pour des PME. Chaque entreprise est différente, donc chaque système l'est aussi — mais le but est toujours le même : faire grandir votre activité sereinement, pour que vous puissiez vous concentrer sur l'essentiel."
contact@la-cuisine-de-manon.fr,La Cuisine De Manon,La Cuisine De Manon,"Dans le transport, j'imagine que vous êtes plus souvent sur la route qu'au téléphone — et que rappeler chaque demande de devis prend un temps fou 🚚","J'ai automatisé 80 % de ma propre entreprise (location de yacht à Carnon). Aujourd'hui je construis des infrastructures IA sur-mesure pour des PME. Chaque entreprise est différente, donc chaque système l'est aussi — mais le but est toujours le même : faire grandir votre activité sereinement, pour que vous puissiez vous concentrer sur l'essentiel."
contact@tmg-napolitano-construction.fr,Tmg Napolitano Construction,Tmg Napolitano Construction,"Dans le bâtiment, j'imagine que vos journées se passent surtout sur les chantiers — et que répondre aux demandes de devis une fois rentré le soir, c'est une autre paire de manches 👷","J'ai automatisé 80 % de ma propre entreprise (location de yacht à Carnon). Aujourd'hui je construis des infrastructures IA sur-mesure pour des PME. Chaque entreprise est différente, donc chaque système l'est aussi — mais le but est toujours le même : faire grandir votre activité sereinement, pour que vous puissiez vous concentrer sur l'essentiel."
contact@rmb-creation.fr,Rmb Creation,Rmb Creation,"En restauration, entre le coup de feu du service et la gestion des réservations, j'imagine qu'il ne reste pas une minute pour répondre à tous les messages 🍽️","J'ai automatisé 80 % de ma propre entreprise (location de yacht à Carnon). Aujourd'hui je construis des infrastructures IA sur-mesure pour des PME. Chaque entreprise est différente, donc chaque système l'est aussi — mais le but est toujours le même : faire grandir votre activité sereinement, pour que vous puissiez vous concentrer sur l'essentiel."
contact@serrurier-depannage-gard.fr,Serrurier Depannage Gard,Serrurier Depannage Gard,"Dans le bâtiment, j'imagine que vos journées se passent surtout sur les chantiers — et que répondre aux demandes de devis une fois rentré le soir, c'est une autre paire de manches 👷","J'ai automatisé 80 % de ma propre entreprise (location de yacht à Carnon). Aujourd'hui je construis des infrastructures IA sur-mesure pour des PME. Chaque entreprise est différente, donc chaque système l'est aussi — mais le but est toujours le même : faire grandir votre activité sereinement, pour que vous puissiez vous concentrer sur l'essentiel."
contact@segep-30.fr,Segep 30,Segep 30,"Dans le bâtiment, j'imagine que vos journées se passent surtout sur les chantiers — et que répondre aux demandes de devis une fois rentré le soir, c'est une autre paire de manches 👷","J'ai automatisé 80 % de ma propre entreprise (location de yacht à Carnon). Aujourd'hui je construis des infrastructures IA sur-mesure pour des PME. Chaque entreprise est différente, donc chaque système l'est aussi — mais le but est toujours le même : faire grandir votre activité sereinement, pour que vous puissiez vous concentrer sur l'essentiel."
contact@perez-carrelage.fr,Perez Carrelage,Perez Carrelage,"Dans le bâtiment, j'imagine que vos journées se passent surtout sur les chantiers — et que répondre aux demandes de devis une fois rentré le soir, c'est une autre paire de manches 👷","J'ai automatisé 80 % de ma propre entreprise (location de yacht à Carnon). Aujourd'hui je construis des infrastructures IA sur-mesure pour des PME. Chaque entreprise est différente, donc chaque système l'est aussi — mais le but est toujours le même : faire grandir votre activité sereinement, pour que vous puissiez vous concentrer sur l'essentiel."
contact@ms-maconnerie-generale.fr,Ms Maconnerie Generale,Ms Maconnerie Generale,"Dans le bâtiment, j'imagine que vos journées se passent surtout sur les chantiers — et que répondre aux demandes de devis une fois rentré le soir, c'est une autre paire de manches 👷","J'ai automatisé 80 % de ma propre entreprise (location de yacht à Carnon). Aujourd'hui je construis des infrastructures IA sur-mesure pour des PME. Chaque entreprise est différente, donc chaque système l'est aussi — mais le but est toujours le même : faire grandir votre activité sereinement, pour que vous puissiez vous concentrer sur l'essentiel."
contact@paquito-traiteur-a-domicile.fr,Paquito Traiteur A Domicile,Paquito Traiteur A Domicile,"En restauration, entre le coup de feu du service et la gestion des réservations, j'imagine qu'il ne reste pas une minute pour répondre à tous les messages 🍽️","J'ai automatisé 80 % de ma propre entreprise (location de yacht à Carnon). Aujourd'hui je construis des infrastructures IA sur-mesure pour des PME. Chaque entreprise est différente, donc chaque système l'est aussi — mais le but est toujours le même : faire grandir votre activité sereinement, pour que vous puissiez vous concentrer sur l'essentiel."
contact@darancy-paysagiste.fr,Darancy Paysagiste,Darancy Paysagiste,"Dans le bâtiment, j'imagine que vos journées se passent surtout sur les chantiers — et que répondre aux demandes de devis une fois rentré le soir, c'est une autre paire de manches 👷","J'ai automatisé 80 % de ma propre entreprise (location de yacht à Carnon). Aujourd'hui je construis des infrastructures IA sur-mesure pour des PME. Chaque entreprise est différente, donc chaque système l'est aussi — mais le but est toujours le même : faire grandir votre activité sereinement, pour que vous puissiez vous concentrer sur l'essentiel."
samorinha.construction@gmail.com,Samorinha Maconnerie,Samorinha Maconnerie,"Dans le bâtiment, j'imagine que vos journées se passent surtout sur les chantiers — et que répondre aux demandes de devis une fois rentré le soir, c'est une autre paire de manches 👷","J'ai automatisé 80 % de ma propre entreprise (location de yacht à Carnon). Aujourd'hui je construis des infrastructures IA sur-mesure pour des PME. Chaque entreprise est différente, donc chaque système l'est aussi — mais le but est toujours le même : faire grandir votre activité sereinement, pour que vous puissiez vous concentrer sur l'essentiel."
contact@fricon-elec-clim.fr,Fricon Elec Clim,Fricon Elec Clim,"Dans le bâtiment, j'imagine que vos journées se passent surtout sur les chantiers — et que répondre aux demandes de devis une fois rentré le soir, c'est une autre paire de manches 👷","J'ai automatisé 80 % de ma propre entreprise (location de yacht à Carnon). Aujourd'hui je construis des infrastructures IA sur-mesure pour des PME. Chaque entreprise est différente, donc chaque système l'est aussi — mais le but est toujours le même : faire grandir votre activité sereinement, pour que vous puissiez vous concentrer sur l'essentiel."
contact@marclinsolas.fr,Marclinsolas,Marclinsolas,"Dans le transport, j'imagine que vous êtes plus souvent sur la route qu'au téléphone — et que rappeler chaque demande de devis prend un temps fou 🚚","J'ai automatisé 80 % de ma propre entreprise (location de yacht à Carnon). Aujourd'hui je construis des infrastructures IA sur-mesure pour des PME. Chaque entreprise est différente, donc chaque système l'est aussi — mais le but est toujours le même : faire grandir votre activité sereinement, pour que vous puissiez vous concentrer sur l'essentiel."
contact@nbc-nature-bois-construction.fr,Nbc Nature Bois Construction,Nbc Nature Bois Construction,"Dans le bâtiment, j'imagine que vos journées se passent surtout sur les chantiers — et que répondre aux demandes de devis une fois rentré le soir, c'est une autre paire de manches 👷","J'ai automatisé 80 % de ma propre entreprise (location de yacht à Carnon). Aujourd'hui je construis des infrastructures IA sur-mesure pour des PME. Chaque entreprise est différente, donc chaque système l'est aussi — mais le but est toujours le même : faire grandir votre activité sereinement, pour que vous puissiez vous concentrer sur l'essentiel."
contact@les-boubeuzs.fr,Les Boubeuzs,Les Boubeuzs,"Dans le commerce, j'imagine qu'entre l'accueil en boutique et la gestion des commandes, répondre à tous les messages en ligne devient vite mission impossible 🛍️","J'ai automatisé 80 % de ma propre entreprise (location de yacht à Carnon). Aujourd'hui je construis des infrastructures IA sur-mesure pour des PME. Chaque entreprise est différente, donc chaque système l'est aussi — mais le but est toujours le même : faire grandir votre activité sereinement, pour que vous puissiez vous concentrer sur l'essentiel."
contact@mazoyer-espaces-verts.fr,Mazoyer Espaces Verts,Mazoyer Espaces Verts,"Dans le bien-être, j'imagine qu'entre deux rendez-vous il est difficile de répondre à tous les messages sans casser le moment présent avec vos clients 🌿","J'ai automatisé 80 % de ma propre entreprise (location de yacht à Carnon). Aujourd'hui je construis des infrastructures IA sur-mesure pour des PME. Chaque entreprise est différente, donc chaque système l'est aussi — mais le but est toujours le même : faire grandir votre activité sereinement, pour que vous puissiez vous concentrer sur l'essentiel."
contact@sg-renov-charpente-couverture.fr,Sg Renov Charpente Couverture,Sg Renov Charpente Couverture,"Dans le bâtiment, j'imagine que vos journées se passent surtout sur les chantiers — et que répondre aux demandes de devis une fois rentré le soir, c'est une autre paire de manches 👷","J'ai automatisé 80 % de ma propre entreprise (location de yacht à Carnon). Aujourd'hui je construis des infrastructures IA sur-mesure pour des PME. Chaque entreprise est différente, donc chaque système l'est aussi — mais le but est toujours le même : faire grandir votre activité sereinement, pour que vous puissiez vous concentrer sur l'essentiel."
johnbellec1969@gmail.com,Anessence,Anessence,"Dans le transport, j'imagine que vous êtes plus souvent sur la route qu'au téléphone — et que rappeler chaque demande de devis prend un temps fou 🚚","J'ai automatisé 80 % de ma propre entreprise (location de yacht à Carnon). Aujourd'hui je construis des infrastructures IA sur-mesure pour des PME. Chaque entreprise est différente, donc chaque système l'est aussi — mais le but est toujours le même : faire grandir votre activité sereinement, pour que vous puissiez vous concentrer sur l'essentiel."
contact@viking-barber.com,Viking Barber,Viking Barber,"Dans la beauté, j'imagine qu'entre deux clientes il est compliqué de répondre aux demandes de rendez-vous sans interrompre la prestation 💅","J'ai automatisé 80 % de ma propre entreprise (location de yacht à Carnon). Aujourd'hui je construis des infrastructures IA sur-mesure pour des PME. Chaque entreprise est différente, donc chaque système l'est aussi — mais le but est toujours le même : faire grandir votre activité sereinement, pour que vous puissiez vous concentrer sur l'essentiel."
contact@autoecole-nimes-jeanjaures.fr,Autoecole Nimes Jeanjaures,Autoecole Nimes Jeanjaures,"Dans la formation, j'imagine que vous jonglez en permanence entre la préparation des sessions et les demandes d'inscription qui tombent à toute heure 📚","J'ai automatisé 80 % de ma propre entreprise (location de yacht à Carnon). Aujourd'hui je construis des infrastructures IA sur-mesure pour des PME. Chaque entreprise est différente, donc chaque système l'est aussi — mais le but est toujours le même : faire grandir votre activité sereinement, pour que vous puissiez vous concentrer sur l'essentiel."
contact@mt-racing.fr,Mt Racing,Mt Racing,"Dans la formation, j'imagine que vous jonglez en permanence entre la préparation des sessions et les demandes d'inscription qui tombent à toute heure 📚","J'ai automatisé 80 % de ma propre entreprise (location de yacht à Carnon). Aujourd'hui je construis des infrastructures IA sur-mesure pour des PME. Chaque entreprise est différente, donc chaque système l'est aussi — mais le but est toujours le même : faire grandir votre activité sereinement, pour que vous puissiez vous concentrer sur l'essentiel."
contact@balland-traiteur.fr,Balland Traiteur,Balland Traiteur,"En restauration, entre le coup de feu du service et la gestion des réservations, j'imagine qu'il ne reste pas une minute pour répondre à tous les messages 🍽️","J'ai automatisé 80 % de ma propre entreprise (location de yacht à Carnon). Aujourd'hui je construis des infrastructures IA sur-mesure pour des PME. Chaque entreprise est différente, donc chaque système l'est aussi — mais le but est toujours le même : faire grandir votre activité sereinement, pour que vous puissiez vous concentrer sur l'essentiel."
contact@corsaire-telecom.fr,Corsaire Telecom,Corsaire Telecom,"Dans le bâtiment, j'imagine que vos journées se passent surtout sur les chantiers — et que répondre aux demandes de devis une fois rentré le soir, c'est une autre paire de manches 👷","J'ai automatisé 80 % de ma propre entreprise (location de yacht à Carnon). Aujourd'hui je construis des infrastructures IA sur-mesure pour des PME. Chaque entreprise est différente, donc chaque système l'est aussi — mais le but est toujours le même : faire grandir votre activité sereinement, pour que vous puissiez vous concentrer sur l'essentiel."
contact@magiinktattoo.fr,Magiinktattoo,Magiinktattoo,"Dans la formation, j'imagine que vous jonglez en permanence entre la préparation des sessions et les demandes d'inscription qui tombent à toute heure 📚","J'ai automatisé 80 % de ma propre entreprise (location de yacht à Carnon). Aujourd'hui je construis des infrastructures IA sur-mesure pour des PME. Chaque entreprise est différente, donc chaque système l'est aussi — mais le but est toujours le même : faire grandir votre activité sereinement, pour que vous puissiez vous concentrer sur l'essentiel."
florencepignoux2@gmail.com,Lavaguedessaveurs,Lavaguedessaveurs,"En restauration, entre le coup de feu du service et la gestion des réservations, j'imagine qu'il ne reste pas une minute pour répondre à tous les messages 🍽️","J'ai automatisé 80 % de ma propre entreprise (location de yacht à Carnon). Aujourd'hui je construis des infrastructures IA sur-mesure pour des PME. Chaque entreprise est différente, donc chaque système l'est aussi — mais le but est toujours le même : faire grandir votre activité sereinement, pour que vous puissiez vous concentrer sur l'essentiel."
contact@letremplin-nimes.fr,Letremplin Nimes,Letremplin Nimes,"Dans le commerce, j'imagine qu'entre l'accueil en boutique et la gestion des commandes, répondre à tous les messages en ligne devient vite mission impossible 🛍️","J'ai automatisé 80 % de ma propre entreprise (location de yacht à Carnon). Aujourd'hui je construis des infrastructures IA sur-mesure pour des PME. Chaque entreprise est différente, donc chaque système l'est aussi — mais le but est toujours le même : faire grandir votre activité sereinement, pour que vous puissiez vous concentrer sur l'essentiel."
contact@amelie-crouzet.fr,Amelie Crouzet,Amelie Crouzet,"Dans le bâtiment, j'imagine que vos journées se passent surtout sur les chantiers — et que répondre aux demandes de devis une fois rentré le soir, c'est une autre paire de manches 👷","J'ai automatisé 80 % de ma propre entreprise (location de yacht à Carnon). Aujourd'hui je construis des infrastructures IA sur-mesure pour des PME. Chaque entreprise est différente, donc chaque système l'est aussi — mais le but est toujours le même : faire grandir votre activité sereinement, pour que vous puissiez vous concentrer sur l'essentiel."
contact@bibi-miniature.fr,Bibi Miniature,Bibi Miniature,"Dans le bâtiment, j'imagine que vos journées se passent surtout sur les chantiers — et que répondre aux demandes de devis une fois rentré le soir, c'est une autre paire de manches 👷","J'ai automatisé 80 % de ma propre entreprise (location de yacht à Carnon). Aujourd'hui je construis des infrastructures IA sur-mesure pour des PME. Chaque entreprise est différente, donc chaque système l'est aussi — mais le but est toujours le même : faire grandir votre activité sereinement, pour que vous puissiez vous concentrer sur l'essentiel."
contact@thauservice-plomberie.fr,Thauservice Plomberie,Thauservice Plomberie,"Dans le bâtiment, j'imagine que vos journées se passent surtout sur les chantiers — et que répondre aux demandes de devis une fois rentré le soir, c'est une autre paire de manches 👷","J'ai automatisé 80 % de ma propre entreprise (location de yacht à Carnon). Aujourd'hui je construis des infrastructures IA sur-mesure pour des PME. Chaque entreprise est différente, donc chaque système l'est aussi — mais le but est toujours le même : faire grandir votre activité sereinement, pour que vous puissiez vous concentrer sur l'essentiel."
ospc.plomberie@gmail.com,Ospc 34,Ospc 34,"Dans le bâtiment, j'imagine que vos journées se passent surtout sur les chantiers — et que répondre aux demandes de devis une fois rentré le soir, c'est une autre paire de manches 👷","J'ai automatisé 80 % de ma propre entreprise (location de yacht à Carnon). Aujourd'hui je construis des infrastructures IA sur-mesure pour des PME. Chaque entreprise est différente, donc chaque système l'est aussi — mais le but est toujours le même : faire grandir votre activité sereinement, pour que vous puissiez vous concentrer sur l'essentiel."
contact@la-barbiere-marseille.fr,La Barbiere Marseille,La Barbiere Marseille,"Dans la beauté, j'imagine qu'entre deux clientes il est compliqué de répondre aux demandes de rendez-vous sans interrompre la prestation 💅","J'ai automatisé 80 % de ma propre entreprise (location de yacht à Carnon). Aujourd'hui je construis des infrastructures IA sur-mesure pour des PME. Chaque entreprise est différente, donc chaque système l'est aussi — mais le but est toujours le même : faire grandir votre activité sereinement, pour que vous puissiez vous concentrer sur l'essentiel."
contact@lesroigdelarenovation.fr,Lesroigdelarenovation,Lesroigdelarenovation,"Dans le bâtiment, j'imagine que vos journées se passent surtout sur les chantiers — et que répondre aux demandes de devis une fois rentré le soir, c'est une autre paire de manches 👷","J'ai automatisé 80 % de ma propre entreprise (location de yacht à Carnon). Aujourd'hui je construis des infrastructures IA sur-mesure pour des PME. Chaque entreprise est différente, donc chaque système l'est aussi — mais le but est toujours le même : faire grandir votre activité sereinement, pour que vous puissiez vous concentrer sur l'essentiel."
contact@renov-paca.fr,Renov Paca,Renov Paca,"Dans le bâtiment, j'imagine que vos journées se passent surtout sur les chantiers — et que répondre aux demandes de devis une fois rentré le soir, c'est une autre paire de manches 👷","J'ai automatisé 80 % de ma propre entreprise (location de yacht à Carnon). Aujourd'hui je construis des infrastructures IA sur-mesure pour des PME. Chaque entreprise est différente, donc chaque système l'est aussi — mais le but est toujours le même : faire grandir votre activité sereinement, pour que vous puissiez vous concentrer sur l'essentiel."
contact@paqueteur-clairsolric.com,Paqueteur Clairsolric,Paqueteur Clairsolric,"Dans le bâtiment, j'imagine que vos journées se passent surtout sur les chantiers — et que répondre aux demandes de devis une fois rentré le soir, c'est une autre paire de manches 👷","J'ai automatisé 80 % de ma propre entreprise (location de yacht à Carnon). Aujourd'hui je construis des infrastructures IA sur-mesure pour des PME. Chaque entreprise est différente, donc chaque système l'est aussi — mais le but est toujours le même : faire grandir votre activité sereinement, pour que vous puissiez vous concentrer sur l'essentiel."
contact@produdem.fr,Produdem,Produdem,"Dans le transport, j'imagine que vous êtes plus souvent sur la route qu'au téléphone — et que rappeler chaque demande de devis prend un temps fou 🚚","J'ai automatisé 80 % de ma propre entreprise (location de yacht à Carnon). Aujourd'hui je construis des infrastructures IA sur-mesure pour des PME. Chaque entreprise est différente, donc chaque système l'est aussi — mais le but est toujours le même : faire grandir votre activité sereinement, pour que vous puissiez vous concentrer sur l'essentiel."
contact@bbcrenovation.com,Bbcrenovation,Bbcrenovation,"Dans le bâtiment, j'imagine que vos journées se passent surtout sur les chantiers — et que répondre aux demandes de devis une fois rentré le soir, c'est une autre paire de manches 👷","J'ai automatisé 80 % de ma propre entreprise (location de yacht à Carnon). Aujourd'hui je construis des infrastructures IA sur-mesure pour des PME. Chaque entreprise est différente, donc chaque système l'est aussi — mais le but est toujours le même : faire grandir votre activité sereinement, pour que vous puissiez vous concentrer sur l'essentiel."
contact@martial-ferrat.fr,Martial Ferrat,Martial Ferrat,"En restauration, entre le coup de feu du service et la gestion des réservations, j'imagine qu'il ne reste pas une minute pour répondre à tous les messages 🍽️","J'ai automatisé 80 % de ma propre entreprise (location de yacht à Carnon). Aujourd'hui je construis des infrastructures IA sur-mesure pour des PME. Chaque entreprise est différente, donc chaque système l'est aussi — mais le but est toujours le même : faire grandir votre activité sereinement, pour que vous puissiez vous concentrer sur l'essentiel."
contact@bm-construction.fr,Bm Construction,Bm Construction,"Dans le bâtiment, j'imagine que vos journées se passent surtout sur les chantiers — et que répondre aux demandes de devis une fois rentré le soir, c'est une autre paire de manches 👷","J'ai automatisé 80 % de ma propre entreprise (location de yacht à Carnon). Aujourd'hui je construis des infrastructures IA sur-mesure pour des PME. Chaque entreprise est différente, donc chaque système l'est aussi — mais le but est toujours le même : faire grandir votre activité sereinement, pour que vous puissiez vous concentrer sur l'essentiel."
contact@gabis-mobilier-bureaux.fr,Gabis Mobilier Bureaux,Gabis Mobilier Bureaux,"Dans l'immobilier, j'imagine que les demandes arrivent à toute heure et qu'il faut être ultra-réactif, au risque de voir le client filer ailleurs 🏡","J'ai automatisé 80 % de ma propre entreprise (location de yacht à Carnon). Aujourd'hui je construis des infrastructures IA sur-mesure pour des PME. Chaque entreprise est différente, donc chaque système l'est aussi — mais le but est toujours le même : faire grandir votre activité sereinement, pour que vous puissiez vous concentrer sur l'essentiel."
contact@srbgroupe.com,Srbgroupe,Srbgroupe,"Dans le bâtiment, j'imagine que vos journées se passent surtout sur les chantiers — et que répondre aux demandes de devis une fois rentré le soir, c'est une autre paire de manches 👷","J'ai automatisé 80 % de ma propre entreprise (location de yacht à Carnon). Aujourd'hui je construis des infrastructures IA sur-mesure pour des PME. Chaque entreprise est différente, donc chaque système l'est aussi — mais le but est toujours le même : faire grandir votre activité sereinement, pour que vous puissiez vous concentrer sur l'essentiel."
tifinart13016@gmail.com,Enseigne Tifinart,Enseigne Tifinart,"Dans le bâtiment, j'imagine que vos journées se passent surtout sur les chantiers — et que répondre aux demandes de devis une fois rentré le soir, c'est une autre paire de manches 👷","J'ai automatisé 80 % de ma propre entreprise (location de yacht à Carnon). Aujourd'hui je construis des infrastructures IA sur-mesure pour des PME. Chaque entreprise est différente, donc chaque système l'est aussi — mais le but est toujours le même : faire grandir votre activité sereinement, pour que vous puissiez vous concentrer sur l'essentiel."
btp.srenov@gmail.com,Srenov13,Srenov13,"Dans les loisirs, j'imagine que la gestion des réservations et des demandes d'info devient vite chronophage dès que la saison s'emballe 🎉","J'ai automatisé 80 % de ma propre entreprise (location de yacht à Carnon). Aujourd'hui je construis des infrastructures IA sur-mesure pour des PME. Chaque entreprise est différente, donc chaque système l'est aussi — mais le but est toujours le même : faire grandir votre activité sereinement, pour que vous puissiez vous concentrer sur l'essentiel."
contact@ejservices-plombier.fr,Ejservices Plombier,Ejservices Plombier,"Dans le bâtiment, j'imagine que vos journées se passent surtout sur les chantiers — et que répondre aux demandes de devis une fois rentré le soir, c'est une autre paire de manches 👷","J'ai automatisé 80 % de ma propre entreprise (location de yacht à Carnon). Aujourd'hui je construis des infrastructures IA sur-mesure pour des PME. Chaque entreprise est différente, donc chaque système l'est aussi — mais le but est toujours le même : faire grandir votre activité sereinement, pour que vous puissiez vous concentrer sur l'essentiel."
contact@christophe-service.fr,Christophe Service,Christophe Service,"Dans la beauté, j'imagine qu'entre deux clientes il est compliqué de répondre aux demandes de rendez-vous sans interrompre la prestation 💅","J'ai automatisé 80 % de ma propre entreprise (location de yacht à Carnon). Aujourd'hui je construis des infrastructures IA sur-mesure pour des PME. Chaque entreprise est différente, donc chaque système l'est aussi — mais le but est toujours le même : faire grandir votre activité sereinement, pour que vous puissiez vous concentrer sur l'essentiel."
contact@charles-patrimoine-assurances.fr,Charles Patrimoine Assurances,Charles Patrimoine Assurances,"Dans votre métier du conseil, j'imagine que le temps passé à qualifier les demandes entrantes empiète sur celui réellement consacré à vos clients 📊","J'ai automatisé 80 % de ma propre entreprise (location de yacht à Carnon). Aujourd'hui je construis des infrastructures IA sur-mesure pour des PME. Chaque entreprise est différente, donc chaque système l'est aussi — mais le but est toujours le même : faire grandir votre activité sereinement, pour que vous puissiez vous concentrer sur l'essentiel."
contact@musique-leader.fr,Musique Leader,Musique Leader,"Dans le commerce, j'imagine qu'entre l'accueil en boutique et la gestion des commandes, répondre à tous les messages en ligne devient vite mission impossible 🛍️","J'ai automatisé 80 % de ma propre entreprise (location de yacht à Carnon). Aujourd'hui je construis des infrastructures IA sur-mesure pour des PME. Chaque entreprise est différente, donc chaque système l'est aussi — mais le but est toujours le même : faire grandir votre activité sereinement, pour que vous puissiez vous concentrer sur l'essentiel."
contact@i2b-express-transport.fr,I2b Express Transport,I2b Express Transport,"Dans le transport, j'imagine que vous êtes plus souvent sur la route qu'au téléphone — et que rappeler chaque demande de devis prend un temps fou 🚚","J'ai automatisé 80 % de ma propre entreprise (location de yacht à Carnon). Aujourd'hui je construis des infrastructures IA sur-mesure pour des PME. Chaque entreprise est différente, donc chaque système l'est aussi — mais le but est toujours le même : faire grandir votre activité sereinement, pour que vous puissiez vous concentrer sur l'essentiel."
contact@es-renovation-13.fr,Es Renovation 13,Es Renovation 13,"Dans le bâtiment, j'imagine que vos journées se passent surtout sur les chantiers — et que répondre aux demandes de devis une fois rentré le soir, c'est une autre paire de manches 👷","J'ai automatisé 80 % de ma propre entreprise (location de yacht à Carnon). Aujourd'hui je construis des infrastructures IA sur-mesure pour des PME. Chaque entreprise est différente, donc chaque système l'est aussi — mais le but est toujours le même : faire grandir votre activité sereinement, pour que vous puissiez vous concentrer sur l'essentiel."
contact@architecketdesign-13.com,Architecketdesign 13,Architecketdesign 13,"Dans le commerce, j'imagine qu'entre l'accueil en boutique et la gestion des commandes, répondre à tous les messages en ligne devient vite mission impossible 🛍️","J'ai automatisé 80 % de ma propre entreprise (location de yacht à Carnon). Aujourd'hui je construis des infrastructures IA sur-mesure pour des PME. Chaque entreprise est différente, donc chaque système l'est aussi — mais le but est toujours le même : faire grandir votre activité sereinement, pour que vous puissiez vous concentrer sur l'essentiel."
contact@moga-marseille.fr,Moga Marseille,Moga Marseille,"En restauration, entre le coup de feu du service et la gestion des réservations, j'imagine qu'il ne reste pas une minute pour répondre à tous les messages 🍽️","J'ai automatisé 80 % de ma propre entreprise (location de yacht à Carnon). Aujourd'hui je construis des infrastructures IA sur-mesure pour des PME. Chaque entreprise est différente, donc chaque système l'est aussi — mais le but est toujours le même : faire grandir votre activité sereinement, pour que vous puissiez vous concentrer sur l'essentiel."
achilleo.medicaleducation.ai@gmail.com,Achilleo,Achilleo,"Dans la formation, j'imagine que vous jonglez en permanence entre la préparation des sessions et les demandes d'inscription qui tombent à toute heure 📚","J'ai automatisé 80 % de ma propre entreprise (location de yacht à Carnon). Aujourd'hui je construis des infrastructures IA sur-mesure pour des PME. Chaque entreprise est différente, donc chaque système l'est aussi — mais le but est toujours le même : faire grandir votre activité sereinement, pour que vous puissiez vous concentrer sur l'essentiel."
contact@rm-peinture-amenagements.fr,Rm Peinture Amenagements,Rm Peinture Amenagements,"Dans le bâtiment, j'imagine que vos journées se passent surtout sur les chantiers — et que répondre aux demandes de devis une fois rentré le soir, c'est une autre paire de manches 👷","J'ai automatisé 80 % de ma propre entreprise (location de yacht à Carnon). Aujourd'hui je construis des infrastructures IA sur-mesure pour des PME. Chaque entreprise est différente, donc chaque système l'est aussi — mais le but est toujours le même : faire grandir votre activité sereinement, pour que vous puissiez vous concentrer sur l'essentiel."
contact@gal-construction.fr,Gal Construction,Gal Construction,"Dans le bâtiment, j'imagine que vos journées se passent surtout sur les chantiers — et que répondre aux demandes de devis une fois rentré le soir, c'est une autre paire de manches 👷","J'ai automatisé 80 % de ma propre entreprise (location de yacht à Carnon). Aujourd'hui je construis des infrastructures IA sur-mesure pour des PME. Chaque entreprise est différente, donc chaque système l'est aussi — mais le but est toujours le même : faire grandir votre activité sereinement, pour que vous puissiez vous concentrer sur l'essentiel."
contact@eco-bat-marseille.fr,Eco Bat Marseille,Eco Bat Marseille,"Dans le bâtiment, j'imagine que vos journées se passent surtout sur les chantiers — et que répondre aux demandes de devis une fois rentré le soir, c'est une autre paire de manches 👷","J'ai automatisé 80 % de ma propre entreprise (location de yacht à Carnon). Aujourd'hui je construis des infrastructures IA sur-mesure pour des PME. Chaque entreprise est différente, donc chaque système l'est aussi — mais le but est toujours le même : faire grandir votre activité sereinement, pour que vous puissiez vous concentrer sur l'essentiel."
contact@dlh-climatisation.fr,Dlh Climatisation,Dlh Climatisation,"Dans le bâtiment, j'imagine que vos journées se passent surtout sur les chantiers — et que répondre aux demandes de devis une fois rentré le soir, c'est une autre paire de manches 👷","J'ai automatisé 80 % de ma propre entreprise (location de yacht à Carnon). Aujourd'hui je construis des infrastructures IA sur-mesure pour des PME. Chaque entreprise est différente, donc chaque système l'est aussi — mais le but est toujours le même : faire grandir votre activité sereinement, pour que vous puissiez vous concentrer sur l'essentiel."
contact@pizzeria-azzurro.fr,Pizzeria Azzurro,Pizzeria Azzurro,"En restauration, entre le coup de feu du service et la gestion des réservations, j'imagine qu'il ne reste pas une minute pour répondre à tous les messages 🍽️","J'ai automatisé 80 % de ma propre entreprise (location de yacht à Carnon). Aujourd'hui je construis des infrastructures IA sur-mesure pour des PME. Chaque entreprise est différente, donc chaque système l'est aussi — mais le but est toujours le même : faire grandir votre activité sereinement, pour que vous puissiez vous concentrer sur l'essentiel."
calambo13009@gmail.com,Maisoncalambo Lecomptoir,Maisoncalambo Lecomptoir,"En restauration, entre le coup de feu du service et la gestion des réservations, j'imagine qu'il ne reste pas une minute pour répondre à tous les messages 🍽️","J'ai automatisé 80 % de ma propre entreprise (location de yacht à Carnon). Aujourd'hui je construis des infrastructures IA sur-mesure pour des PME. Chaque entreprise est différente, donc chaque système l'est aussi — mais le but est toujours le même : faire grandir votre activité sereinement, pour que vous puissiez vous concentrer sur l'essentiel."
contact@restaurant-newcarmine.fr,Restaurant Newcarmine,Restaurant Newcarmine,"En restauration, entre le coup de feu du service et la gestion des réservations, j'imagine qu'il ne reste pas une minute pour répondre à tous les messages 🍽️","J'ai automatisé 80 % de ma propre entreprise (location de yacht à Carnon). Aujourd'hui je construis des infrastructures IA sur-mesure pour des PME. Chaque entreprise est différente, donc chaque système l'est aussi — mais le but est toujours le même : faire grandir votre activité sereinement, pour que vous puissiez vous concentrer sur l'essentiel."
contact@homeconfortplomberie13.fr,Homeconfortplomberie13,Homeconfortplomberie13,"Dans le bâtiment, j'imagine que vos journées se passent surtout sur les chantiers — et que répondre aux demandes de devis une fois rentré le soir, c'est une autre paire de manches 👷","J'ai automatisé 80 % de ma propre entreprise (location de yacht à Carnon). Aujourd'hui je construis des infrastructures IA sur-mesure pour des PME. Chaque entreprise est différente, donc chaque système l'est aussi — mais le but est toujours le même : faire grandir votre activité sereinement, pour que vous puissiez vous concentrer sur l'essentiel."
contact@chefprive-thomasferran.fr,Chefprive Thomasferran,Chefprive Thomasferran,"En restauration, entre le coup de feu du service et la gestion des réservations, j'imagine qu'il ne reste pas une minute pour répondre à tous les messages 🍽️","J'ai automatisé 80 % de ma propre entreprise (location de yacht à Carnon). Aujourd'hui je construis des infrastructures IA sur-mesure pour des PME. Chaque entreprise est différente, donc chaque système l'est aussi — mais le but est toujours le même : faire grandir votre activité sereinement, pour que vous puissiez vous concentrer sur l'essentiel."
contact@lajungle-restaurant.fr,Lajungle Restaurant,Lajungle Restaurant,"En restauration, entre le coup de feu du service et la gestion des réservations, j'imagine qu'il ne reste pas une minute pour répondre à tous les messages 🍽️","J'ai automatisé 80 % de ma propre entreprise (location de yacht à Carnon). Aujourd'hui je construis des infrastructures IA sur-mesure pour des PME. Chaque entreprise est différente, donc chaque système l'est aussi — mais le but est toujours le même : faire grandir votre activité sereinement, pour que vous puissiez vous concentrer sur l'essentiel."
contact@spot-batiment.fr,Spot Batiment,Spot Batiment,"Dans le bâtiment, j'imagine que vos journées se passent surtout sur les chantiers — et que répondre aux demandes de devis une fois rentré le soir, c'est une autre paire de manches 👷","J'ai automatisé 80 % de ma propre entreprise (location de yacht à Carnon). Aujourd'hui je construis des infrastructures IA sur-mesure pour des PME. Chaque entreprise est différente, donc chaque système l'est aussi — mais le but est toujours le même : faire grandir votre activité sereinement, pour que vous puissiez vous concentrer sur l'essentiel."
contact@prosol-13.fr,Prosol 13,Prosol 13,"Dans le bâtiment, j'imagine que vos journées se passent surtout sur les chantiers — et que répondre aux demandes de devis une fois rentré le soir, c'est une autre paire de manches 👷","J'ai automatisé 80 % de ma propre entreprise (location de yacht à Carnon). Aujourd'hui je construis des infrastructures IA sur-mesure pour des PME. Chaque entreprise est différente, donc chaque système l'est aussi — mais le but est toujours le même : faire grandir votre activité sereinement, pour que vous puissiez vous concentrer sur l'essentiel."
contact@cokolab-distribution.fr,Cokolab Distribution,Cokolab Distribution,"Dans le transport, j'imagine que vous êtes plus souvent sur la route qu'au téléphone — et que rappeler chaque demande de devis prend un temps fou 🚚","J'ai automatisé 80 % de ma propre entreprise (location de yacht à Carnon). Aujourd'hui je construis des infrastructures IA sur-mesure pour des PME. Chaque entreprise est différente, donc chaque système l'est aussi — mais le but est toujours le même : faire grandir votre activité sereinement, pour que vous puissiez vous concentrer sur l'essentiel."
contact@easycuisson.fr,Easycuisson,Easycuisson,"Dans le commerce, j'imagine qu'entre l'accueil en boutique et la gestion des commandes, répondre à tous les messages en ligne devient vite mission impossible 🛍️","J'ai automatisé 80 % de ma propre entreprise (location de yacht à Carnon). Aujourd'hui je construis des infrastructures IA sur-mesure pour des PME. Chaque entreprise est différente, donc chaque système l'est aussi — mais le but est toujours le même : faire grandir votre activité sereinement, pour que vous puissiez vous concentrer sur l'essentiel."
contact@casa-rubini-focaccia.fr,Casa Rubini Focaccia,Casa Rubini Focaccia,"En restauration, entre le coup de feu du service et la gestion des réservations, j'imagine qu'il ne reste pas une minute pour répondre à tous les messages 🍽️","J'ai automatisé 80 % de ma propre entreprise (location de yacht à Carnon). Aujourd'hui je construis des infrastructures IA sur-mesure pour des PME. Chaque entreprise est différente, donc chaque système l'est aussi — mais le but est toujours le même : faire grandir votre activité sereinement, pour que vous puissiez vous concentrer sur l'essentiel."
contact@make-your-burger-13.fr,Make Your Burger 13,Make Your Burger 13,"Dans la formation, j'imagine que vous jonglez en permanence entre la préparation des sessions et les demandes d'inscription qui tombent à toute heure 📚","J'ai automatisé 80 % de ma propre entreprise (location de yacht à Carnon). Aujourd'hui je construis des infrastructures IA sur-mesure pour des PME. Chaque entreprise est différente, donc chaque système l'est aussi — mais le but est toujours le même : faire grandir votre activité sereinement, pour que vous puissiez vous concentrer sur l'essentiel."
contact@jcars.fr,Jcars,Jcars,"Dans la formation, j'imagine que vous jonglez en permanence entre la préparation des sessions et les demandes d'inscription qui tombent à toute heure 📚","J'ai automatisé 80 % de ma propre entreprise (location de yacht à Carnon). Aujourd'hui je construis des infrastructures IA sur-mesure pour des PME. Chaque entreprise est différente, donc chaque système l'est aussi — mais le but est toujours le même : faire grandir votre activité sereinement, pour que vous puissiez vous concentrer sur l'essentiel."
contact@larlecchino.fr,Larlecchino,Larlecchino,"En restauration, entre le coup de feu du service et la gestion des réservations, j'imagine qu'il ne reste pas une minute pour répondre à tous les messages 🍽️","J'ai automatisé 80 % de ma propre entreprise (location de yacht à Carnon). Aujourd'hui je construis des infrastructures IA sur-mesure pour des PME. Chaque entreprise est différente, donc chaque système l'est aussi — mais le but est toujours le même : faire grandir votre activité sereinement, pour que vous puissiez vous concentrer sur l'essentiel."
contact@cilio-renov.fr,Cilio Renov,Cilio Renov,"Dans le bâtiment, j'imagine que vos journées se passent surtout sur les chantiers — et que répondre aux demandes de devis une fois rentré le soir, c'est une autre paire de manches 👷","J'ai automatisé 80 % de ma propre entreprise (location de yacht à Carnon). Aujourd'hui je construis des infrastructures IA sur-mesure pour des PME. Chaque entreprise est différente, donc chaque système l'est aussi — mais le but est toujours le même : faire grandir votre activité sereinement, pour que vous puissiez vous concentrer sur l'essentiel."
contact@2r-service-renovation.fr,2r Service Renovation,2r Service Renovation,"Dans la beauté, j'imagine qu'entre deux clientes il est compliqué de répondre aux demandes de rendez-vous sans interrompre la prestation 💅","J'ai automatisé 80 % de ma propre entreprise (location de yacht à Carnon). Aujourd'hui je construis des infrastructures IA sur-mesure pour des PME. Chaque entreprise est différente, donc chaque système l'est aussi — mais le but est toujours le même : faire grandir votre activité sereinement, pour que vous puissiez vous concentrer sur l'essentiel."
contact@renov-tout-paca.fr,Renov Tout Paca,Renov Tout Paca,"Dans le bâtiment, j'imagine que vos journées se passent surtout sur les chantiers — et que répondre aux demandes de devis une fois rentré le soir, c'est une autre paire de manches 👷","J'ai automatisé 80 % de ma propre entreprise (location de yacht à Carnon). Aujourd'hui je construis des infrastructures IA sur-mesure pour des PME. Chaque entreprise est différente, donc chaque système l'est aussi — mais le but est toujours le même : faire grandir votre activité sereinement, pour que vous puissiez vous concentrer sur l'essentiel."
lamourenbar@gmail.com,Amourenbar,Amourenbar,"Dans la formation, j'imagine que vous jonglez en permanence entre la préparation des sessions et les demandes d'inscription qui tombent à toute heure 📚","J'ai automatisé 80 % de ma propre entreprise (location de yacht à Carnon). Aujourd'hui je construis des infrastructures IA sur-mesure pour des PME. Chaque entreprise est différente, donc chaque système l'est aussi — mais le but est toujours le même : faire grandir votre activité sereinement, pour que vous puissiez vous concentrer sur l'essentiel."
contact@cema-renovation.com,Cema Renovation,Cema Renovation,"Dans le bâtiment, j'imagine que vos journées se passent surtout sur les chantiers — et que répondre aux demandes de devis une fois rentré le soir, c'est une autre paire de manches 👷","J'ai automatisé 80 % de ma propre entreprise (location de yacht à Carnon). Aujourd'hui je construis des infrastructures IA sur-mesure pour des PME. Chaque entreprise est différente, donc chaque système l'est aussi — mais le but est toujours le même : faire grandir votre activité sereinement, pour que vous puissiez vous concentrer sur l'essentiel."
contact@piacere-aix.com,Piacere Aix,Piacere Aix,"Dans la formation, j'imagine que vous jonglez en permanence entre la préparation des sessions et les demandes d'inscription qui tombent à toute heure 📚","J'ai automatisé 80 % de ma propre entreprise (location de yacht à Carnon). Aujourd'hui je construis des infrastructures IA sur-mesure pour des PME. Chaque entreprise est différente, donc chaque système l'est aussi — mais le but est toujours le même : faire grandir votre activité sereinement, pour que vous puissiez vous concentrer sur l'essentiel."
contact@c3ic-promotion.fr,C3ic Promotion,C3ic Promotion,"Dans l'immobilier, j'imagine que les demandes arrivent à toute heure et qu'il faut être ultra-réactif, au risque de voir le client filer ailleurs 🏡","J'ai automatisé 80 % de ma propre entreprise (location de yacht à Carnon). Aujourd'hui je construis des infrastructures IA sur-mesure pour des PME. Chaque entreprise est différente, donc chaque système l'est aussi — mais le but est toujours le même : faire grandir votre activité sereinement, pour que vous puissiez vous concentrer sur l'essentiel."
contact@area-renovation.fr,Area Renovation,Area Renovation,"Dans le bien-être, j'imagine qu'entre deux rendez-vous il est difficile de répondre à tous les messages sans casser le moment présent avec vos clients 🌿","J'ai automatisé 80 % de ma propre entreprise (location de yacht à Carnon). Aujourd'hui je construis des infrastructures IA sur-mesure pour des PME. Chaque entreprise est différente, donc chaque système l'est aussi — mais le but est toujours le même : faire grandir votre activité sereinement, pour que vous puissiez vous concentrer sur l'essentiel."
contact@le315.fr,Le315,Le315,"En restauration, entre le coup de feu du service et la gestion des réservations, j'imagine qu'il ne reste pas une minute pour répondre à tous les messages 🍽️","J'ai automatisé 80 % de ma propre entreprise (location de yacht à Carnon). Aujourd'hui je construis des infrastructures IA sur-mesure pour des PME. Chaque entreprise est différente, donc chaque système l'est aussi — mais le but est toujours le même : faire grandir votre activité sereinement, pour que vous puissiez vous concentrer sur l'essentiel."
contact@latana-restaurant.fr,Latana Restaurant,Latana Restaurant,"En restauration, entre le coup de feu du service et la gestion des réservations, j'imagine qu'il ne reste pas une minute pour répondre à tous les messages 🍽️","J'ai automatisé 80 % de ma propre entreprise (location de yacht à Carnon). Aujourd'hui je construis des infrastructures IA sur-mesure pour des PME. Chaque entreprise est différente, donc chaque système l'est aussi — mais le but est toujours le même : faire grandir votre activité sereinement, pour que vous puissiez vous concentrer sur l'essentiel."
contact@prima-pasta.fr,Prima Pasta,Prima Pasta,"En restauration, entre le coup de feu du service et la gestion des réservations, j'imagine qu'il ne reste pas une minute pour répondre à tous les messages 🍽️","J'ai automatisé 80 % de ma propre entreprise (location de yacht à Carnon). Aujourd'hui je construis des infrastructures IA sur-mesure pour des PME. Chaque entreprise est différente, donc chaque système l'est aussi — mais le but est toujours le même : faire grandir votre activité sereinement, pour que vous puissiez vous concentrer sur l'essentiel."
contact@equipement-hotelier-13.fr,Equipement Hotelier 13,Equipement Hotelier 13,"Dans le commerce, j'imagine qu'entre l'accueil en boutique et la gestion des commandes, répondre à tous les messages en ligne devient vite mission impossible 🛍️","J'ai automatisé 80 % de ma propre entreprise (location de yacht à Carnon). Aujourd'hui je construis des infrastructures IA sur-mesure pour des PME. Chaque entreprise est différente, donc chaque système l'est aussi — mais le but est toujours le même : faire grandir votre activité sereinement, pour que vous puissiez vous concentrer sur l'essentiel."
contact@2-elecs.fr,2 Elecs,2 Elecs,"Dans le bâtiment, j'imagine que vos journées se passent surtout sur les chantiers — et que répondre aux demandes de devis une fois rentré le soir, c'est une autre paire de manches 👷","J'ai automatisé 80 % de ma propre entreprise (location de yacht à Carnon). Aujourd'hui je construis des infrastructures IA sur-mesure pour des PME. Chaque entreprise est différente, donc chaque système l'est aussi — mais le but est toujours le même : faire grandir votre activité sereinement, pour que vous puissiez vous concentrer sur l'essentiel."
contact@domainesdestroisfilles.com,Domainedestroisfilles,Domainedestroisfilles,"Dans l'immobilier, j'imagine que les demandes arrivent à toute heure et qu'il faut être ultra-réactif, au risque de voir le client filer ailleurs 🏡","J'ai automatisé 80 % de ma propre entreprise (location de yacht à Carnon). Aujourd'hui je construis des infrastructures IA sur-mesure pour des PME. Chaque entreprise est différente, donc chaque système l'est aussi — mais le but est toujours le même : faire grandir votre activité sereinement, pour que vous puissiez vous concentrer sur l'essentiel."
contact@lilot-vert-primeur.fr,Lilot Vert Primeur,Lilot Vert Primeur,"En restauration, entre le coup de feu du service et la gestion des réservations, j'imagine qu'il ne reste pas une minute pour répondre à tous les messages 🍽️","J'ai automatisé 80 % de ma propre entreprise (location de yacht à Carnon). Aujourd'hui je construis des infrastructures IA sur-mesure pour des PME. Chaque entreprise est différente, donc chaque système l'est aussi — mais le but est toujours le même : faire grandir votre activité sereinement, pour que vous puissiez vous concentrer sur l'essentiel."
contact@banquette-concept.fr,Banquette Concept,Banquette Concept,"Dans votre métier du conseil, j'imagine que le temps passé à qualifier les demandes entrantes empiète sur celui réellement consacré à vos clients 📊","J'ai automatisé 80 % de ma propre entreprise (location de yacht à Carnon). Aujourd'hui je construis des infrastructures IA sur-mesure pour des PME. Chaque entreprise est différente, donc chaque système l'est aussi — mais le but est toujours le même : faire grandir votre activité sereinement, pour que vous puissiez vous concentrer sur l'essentiel."
contact@ferey-renovation.fr,Ferey Renovation,Ferey Renovation,"Dans le bien-être, j'imagine qu'entre deux rendez-vous il est difficile de répondre à tous les messages sans casser le moment présent avec vos clients 🌿","J'ai automatisé 80 % de ma propre entreprise (location de yacht à Carnon). Aujourd'hui je construis des infrastructures IA sur-mesure pour des PME. Chaque entreprise est différente, donc chaque système l'est aussi — mais le but est toujours le même : faire grandir votre activité sereinement, pour que vous puissiez vous concentrer sur l'essentiel."
contact@mc-services-renovation.fr,Mc Services Renovation,Mc Services Renovation,"Dans le bâtiment, j'imagine que vos journées se passent surtout sur les chantiers — et que répondre aux demandes de devis une fois rentré le soir, c'est une autre paire de manches 👷","J'ai automatisé 80 % de ma propre entreprise (location de yacht à Carnon). Aujourd'hui je construis des infrastructures IA sur-mesure pour des PME. Chaque entreprise est différente, donc chaque système l'est aussi — mais le but est toujours le même : faire grandir votre activité sereinement, pour que vous puissiez vous concentrer sur l'essentiel."
contact@raquinpaysagespereetfils.fr,Raquinpaysagespereetfils,Raquinpaysagespereetfils,"Dans le bâtiment, j'imagine que vos journées se passent surtout sur les chantiers — et que répondre aux demandes de devis une fois rentré le soir, c'est une autre paire de manches 👷","J'ai automatisé 80 % de ma propre entreprise (location de yacht à Carnon). Aujourd'hui je construis des infrastructures IA sur-mesure pour des PME. Chaque entreprise est différente, donc chaque système l'est aussi — mais le but est toujours le même : faire grandir votre activité sereinement, pour que vous puissiez vous concentrer sur l'essentiel."
contact@gites-le-lauzet-ubaye.com,Gites Le Lauzet Ubaye,Gites Le Lauzet Ubaye,"Dans le tourisme, j'imagine que les demandes de réservation et d'info affluent à toute heure, souvent pile quand vous êtes déjà débordé 🧳","J'ai automatisé 80 % de ma propre entreprise (location de yacht à Carnon). Aujourd'hui je construis des infrastructures IA sur-mesure pour des PME. Chaque entreprise est différente, donc chaque système l'est aussi — mais le but est toujours le même : faire grandir votre activité sereinement, pour que vous puissiez vous concentrer sur l'essentiel."
contact@traiteurs-les4saisons.fr,Traiteurs Les4saisons,Traiteurs Les4saisons,"En restauration, entre le coup de feu du service et la gestion des réservations, j'imagine qu'il ne reste pas une minute pour répondre à tous les messages 🍽️","J'ai automatisé 80 % de ma propre entreprise (location de yacht à Carnon). Aujourd'hui je construis des infrastructures IA sur-mesure pour des PME. Chaque entreprise est différente, donc chaque système l'est aussi — mais le but est toujours le même : faire grandir votre activité sereinement, pour que vous puissiez vous concentrer sur l'essentiel."
contact@asduverre.com,Asduverre,Asduverre,"Dans le commerce, j'imagine qu'entre l'accueil en boutique et la gestion des commandes, répondre à tous les messages en ligne devient vite mission impossible 🛍️","J'ai automatisé 80 % de ma propre entreprise (location de yacht à Carnon). Aujourd'hui je construis des infrastructures IA sur-mesure pour des PME. Chaque entreprise est différente, donc chaque système l'est aussi — mais le but est toujours le même : faire grandir votre activité sereinement, pour que vous puissiez vous concentrer sur l'essentiel."
contact@yanie-massage-bien-etre.fr,Yanie Massage Bien Etre,Yanie Massage Bien Etre,"Dans le bien-être, j'imagine qu'entre deux rendez-vous il est difficile de répondre à tous les messages sans casser le moment présent avec vos clients 🌿","J'ai automatisé 80 % de ma propre entreprise (location de yacht à Carnon). Aujourd'hui je construis des infrastructures IA sur-mesure pour des PME. Chaque entreprise est différente, donc chaque système l'est aussi — mais le but est toujours le même : faire grandir votre activité sereinement, pour que vous puissiez vous concentrer sur l'essentiel."
contact@team-construction.fr,Team Construction,Team Construction,"Dans le bâtiment, j'imagine que vos journées se passent surtout sur les chantiers — et que répondre aux demandes de devis une fois rentré le soir, c'est une autre paire de manches 👷","J'ai automatisé 80 % de ma propre entreprise (location de yacht à Carnon). Aujourd'hui je construis des infrastructures IA sur-mesure pour des PME. Chaque entreprise est différente, donc chaque système l'est aussi — mais le but est toujours le même : faire grandir votre activité sereinement, pour que vous puissiez vous concentrer sur l'essentiel."
contact@saifa-nettoyage.fr,Saifa Nettoyage,Saifa Nettoyage,"Dans l'immobilier, j'imagine que les demandes arrivent à toute heure et qu'il faut être ultra-réactif, au risque de voir le client filer ailleurs 🏡","J'ai automatisé 80 % de ma propre entreprise (location de yacht à Carnon). Aujourd'hui je construis des infrastructures IA sur-mesure pour des PME. Chaque entreprise est différente, donc chaque système l'est aussi — mais le but est toujours le même : faire grandir votre activité sereinement, pour que vous puissiez vous concentrer sur l'essentiel."
contact@les-cordistes-du-luberon.fr,Les Cordistes Du Luberon,Les Cordistes Du Luberon,"Dans le bâtiment, j'imagine que vos journées se passent surtout sur les chantiers — et que répondre aux demandes de devis une fois rentré le soir, c'est une autre paire de manches 👷","J'ai automatisé 80 % de ma propre entreprise (location de yacht à Carnon). Aujourd'hui je construis des infrastructures IA sur-mesure pour des PME. Chaque entreprise est différente, donc chaque système l'est aussi — mais le but est toujours le même : faire grandir votre activité sereinement, pour que vous puissiez vous concentrer sur l'essentiel."
contact@chronoss.fr,Chronoss,Chronoss,"Dans le transport, j'imagine que vous êtes plus souvent sur la route qu'au téléphone — et que rappeler chaque demande de devis prend un temps fou 🚚","J'ai automatisé 80 % de ma propre entreprise (location de yacht à Carnon). Aujourd'hui je construis des infrastructures IA sur-mesure pour des PME. Chaque entreprise est différente, donc chaque système l'est aussi — mais le but est toujours le même : faire grandir votre activité sereinement, pour que vous puissiez vous concentrer sur l'essentiel."
contact@gmsudservices.fr,Gmsudservices,Gmsudservices,"Dans le transport, j'imagine que vous êtes plus souvent sur la route qu'au téléphone — et que rappeler chaque demande de devis prend un temps fou 🚚","J'ai automatisé 80 % de ma propre entreprise (location de yacht à Carnon). Aujourd'hui je construis des infrastructures IA sur-mesure pour des PME. Chaque entreprise est différente, donc chaque système l'est aussi — mais le but est toujours le même : faire grandir votre activité sereinement, pour que vous puissiez vous concentrer sur l'essentiel."
contact@fitcoachloe.fr,Fitcoachloe,Fitcoachloe,"Dans le bien-être, j'imagine qu'entre deux rendez-vous il est difficile de répondre à tous les messages sans casser le moment présent avec vos clients 🌿","J'ai automatisé 80 % de ma propre entreprise (location de yacht à Carnon). Aujourd'hui je construis des infrastructures IA sur-mesure pour des PME. Chaque entreprise est différente, donc chaque système l'est aussi — mais le but est toujours le même : faire grandir votre activité sereinement, pour que vous puissiez vous concentrer sur l'essentiel."
contact@woelffle-services-renovation.fr,Woelffle Services Renovation,Woelffle Services Renovation,"Dans le bâtiment, j'imagine que vos journées se passent surtout sur les chantiers — et que répondre aux demandes de devis une fois rentré le soir, c'est une autre paire de manches 👷","J'ai automatisé 80 % de ma propre entreprise (location de yacht à Carnon). Aujourd'hui je construis des infrastructures IA sur-mesure pour des PME. Chaque entreprise est différente, donc chaque système l'est aussi — mais le but est toujours le même : faire grandir votre activité sereinement, pour que vous puissiez vous concentrer sur l'essentiel."
praxies@hotmail.com,Istanbul Kebab Aix,Istanbul Kebab Aix,"En restauration, entre le coup de feu du service et la gestion des réservations, j'imagine qu'il ne reste pas une minute pour répondre à tous les messages 🍽️","J'ai automatisé 80 % de ma propre entreprise (location de yacht à Carnon). Aujourd'hui je construis des infrastructures IA sur-mesure pour des PME. Chaque entreprise est différente, donc chaque système l'est aussi — mais le but est toujours le même : faire grandir votre activité sereinement, pour que vous puissiez vous concentrer sur l'essentiel."
contact@aixsansgluten.fr,Aixsansgluten,Aixsansgluten,"En restauration, entre le coup de feu du service et la gestion des réservations, j'imagine qu'il ne reste pas une minute pour répondre à tous les messages 🍽️","J'ai automatisé 80 % de ma propre entreprise (location de yacht à Carnon). Aujourd'hui je construis des infrastructures IA sur-mesure pour des PME. Chaque entreprise est différente, donc chaque système l'est aussi — mais le but est toujours le même : faire grandir votre activité sereinement, pour que vous puissiez vous concentrer sur l'essentiel."
avenirconstructions@orange.fr,Avenirconstructions13,Avenirconstructions13,"Dans le bâtiment, j'imagine que vos journées se passent surtout sur les chantiers — et que répondre aux demandes de devis une fois rentré le soir, c'est une autre paire de manches 👷","J'ai automatisé 80 % de ma propre entreprise (location de yacht à Carnon). Aujourd'hui je construis des infrastructures IA sur-mesure pour des PME. Chaque entreprise est différente, donc chaque système l'est aussi — mais le but est toujours le même : faire grandir votre activité sereinement, pour que vous puissiez vous concentrer sur l'essentiel."
ecprenov.compta@gmail.com,Ecp Renov,Ecp Renov,"Dans le bâtiment, j'imagine que vos journées se passent surtout sur les chantiers — et que répondre aux demandes de devis une fois rentré le soir, c'est une autre paire de manches 👷","J'ai automatisé 80 % de ma propre entreprise (location de yacht à Carnon). Aujourd'hui je construis des infrastructures IA sur-mesure pour des PME. Chaque entreprise est différente, donc chaque système l'est aussi — mais le but est toujours le même : faire grandir votre activité sereinement, pour que vous puissiez vous concentrer sur l'essentiel."
contact@ochis.fr,Ochis,Ochis,"Dans le transport, j'imagine que vous êtes plus souvent sur la route qu'au téléphone — et que rappeler chaque demande de devis prend un temps fou 🚚","J'ai automatisé 80 % de ma propre entreprise (location de yacht à Carnon). Aujourd'hui je construis des infrastructures IA sur-mesure pour des PME. Chaque entreprise est différente, donc chaque système l'est aussi — mais le but est toujours le même : faire grandir votre activité sereinement, pour que vous puissiez vous concentrer sur l'essentiel."
contact@elec-and-co-pertuis.fr,Elec And Co Pertuis,Elec And Co Pertuis,"Dans le bâtiment, j'imagine que vos journées se passent surtout sur les chantiers — et que répondre aux demandes de devis une fois rentré le soir, c'est une autre paire de manches 👷","J'ai automatisé 80 % de ma propre entreprise (location de yacht à Carnon). Aujourd'hui je construis des infrastructures IA sur-mesure pour des PME. Chaque entreprise est différente, donc chaque système l'est aussi — mais le but est toujours le même : faire grandir votre activité sereinement, pour que vous puissiez vous concentrer sur l'essentiel."
sas.jolicharpente@gmail.com,Joli Charpente,Joli Charpente,"Dans le bâtiment, j'imagine que vos journées se passent surtout sur les chantiers — et que répondre aux demandes de devis une fois rentré le soir, c'est une autre paire de manches 👷","J'ai automatisé 80 % de ma propre entreprise (location de yacht à Carnon). Aujourd'hui je construis des infrastructures IA sur-mesure pour des PME. Chaque entreprise est différente, donc chaque système l'est aussi — mais le but est toujours le même : faire grandir votre activité sereinement, pour que vous puissiez vous concentrer sur l'essentiel."
dambrevilleevens@gmail.com,Votreserrure,Votreserrure,"Dans le bâtiment, j'imagine que vos journées se passent surtout sur les chantiers — et que répondre aux demandes de devis une fois rentré le soir, c'est une autre paire de manches 👷","J'ai automatisé 80 % de ma propre entreprise (location de yacht à Carnon). Aujourd'hui je construis des infrastructures IA sur-mesure pour des PME. Chaque entreprise est différente, donc chaque système l'est aussi — mais le but est toujours le même : faire grandir votre activité sereinement, pour que vous puissiez vous concentrer sur l'essentiel."
contact@ambdesign.fr,Ambdesign,Ambdesign,"Dans le commerce, j'imagine qu'entre l'accueil en boutique et la gestion des commandes, répondre à tous les messages en ligne devient vite mission impossible 🛍️","J'ai automatisé 80 % de ma propre entreprise (location de yacht à Carnon). Aujourd'hui je construis des infrastructures IA sur-mesure pour des PME. Chaque entreprise est différente, donc chaque système l'est aussi — mais le but est toujours le même : faire grandir votre activité sereinement, pour que vous puissiez vous concentrer sur l'essentiel."
contact@cltp-terrassement-13.fr,Cltp Terrassement 13,Cltp Terrassement 13,"Dans le bâtiment, j'imagine que vos journées se passent surtout sur les chantiers — et que répondre aux demandes de devis une fois rentré le soir, c'est une autre paire de manches 👷","J'ai automatisé 80 % de ma propre entreprise (location de yacht à Carnon). Aujourd'hui je construis des infrastructures IA sur-mesure pour des PME. Chaque entreprise est différente, donc chaque système l'est aussi — mais le but est toujours le même : faire grandir votre activité sereinement, pour que vous puissiez vous concentrer sur l'essentiel."
contact@fastgrill-arles.com,Fastgrill Arles,Fastgrill Arles,"Dans la formation, j'imagine que vous jonglez en permanence entre la préparation des sessions et les demandes d'inscription qui tombent à toute heure 📚","J'ai automatisé 80 % de ma propre entreprise (location de yacht à Carnon). Aujourd'hui je construis des infrastructures IA sur-mesure pour des PME. Chaque entreprise est différente, donc chaque système l'est aussi — mais le but est toujours le même : faire grandir votre activité sereinement, pour que vous puissiez vous concentrer sur l'essentiel."
contact@fastgrill-arles.fr,Fastgrill Arles,Fastgrill Arles,"En restauration, entre le coup de feu du service et la gestion des réservations, j'imagine qu'il ne reste pas une minute pour répondre à tous les messages 🍽️","J'ai automatisé 80 % de ma propre entreprise (location de yacht à Carnon). Aujourd'hui je construis des infrastructures IA sur-mesure pour des PME. Chaque entreprise est différente, donc chaque système l'est aussi — mais le but est toujours le même : faire grandir votre activité sereinement, pour que vous puissiez vous concentrer sur l'essentiel."
contact@spr-renovation.fr,Spr Renovation,Spr Renovation,"Dans le bâtiment, j'imagine que vos journées se passent surtout sur les chantiers — et que répondre aux demandes de devis une fois rentré le soir, c'est une autre paire de manches 👷","J'ai automatisé 80 % de ma propre entreprise (location de yacht à Carnon). Aujourd'hui je construis des infrastructures IA sur-mesure pour des PME. Chaque entreprise est différente, donc chaque système l'est aussi — mais le but est toujours le même : faire grandir votre activité sereinement, pour que vous puissiez vous concentrer sur l'essentiel."
contact@romain-espaces-verts.fr,Romain Espaces Verts,Romain Espaces Verts,"Dans le bien-être, j'imagine qu'entre deux rendez-vous il est difficile de répondre à tous les messages sans casser le moment présent avec vos clients 🌿","J'ai automatisé 80 % de ma propre entreprise (location de yacht à Carnon). Aujourd'hui je construis des infrastructures IA sur-mesure pour des PME. Chaque entreprise est différente, donc chaque système l'est aussi — mais le but est toujours le même : faire grandir votre activité sereinement, pour que vous puissiez vous concentrer sur l'essentiel."
contact@uhlmann-placo-peinture.fr,Uhlmann Placo Peinture,Uhlmann Placo Peinture,"Dans le bien-être, j'imagine qu'entre deux rendez-vous il est difficile de répondre à tous les messages sans casser le moment présent avec vos clients 🌿","J'ai automatisé 80 % de ma propre entreprise (location de yacht à Carnon). Aujourd'hui je construis des infrastructures IA sur-mesure pour des PME. Chaque entreprise est différente, donc chaque système l'est aussi — mais le but est toujours le même : faire grandir votre activité sereinement, pour que vous puissiez vous concentrer sur l'essentiel."
contact@volt-energies.fr,Volt Energies,Volt Energies,"Dans le bâtiment, j'imagine que vos journées se passent surtout sur les chantiers — et que répondre aux demandes de devis une fois rentré le soir, c'est une autre paire de manches 👷","J'ai automatisé 80 % de ma propre entreprise (location de yacht à Carnon). Aujourd'hui je construis des infrastructures IA sur-mesure pour des PME. Chaque entreprise est différente, donc chaque système l'est aussi — mais le but est toujours le même : faire grandir votre activité sereinement, pour que vous puissiez vous concentrer sur l'essentiel."
contact@diagtip-immobilier.fr,Diagtip Immobilier,Diagtip Immobilier,"Dans l'immobilier, j'imagine que les demandes arrivent à toute heure et qu'il faut être ultra-réactif, au risque de voir le client filer ailleurs 🏡","J'ai automatisé 80 % de ma propre entreprise (location de yacht à Carnon). Aujourd'hui je construis des infrastructures IA sur-mesure pour des PME. Chaque entreprise est différente, donc chaque système l'est aussi — mais le but est toujours le même : faire grandir votre activité sereinement, pour que vous puissiez vous concentrer sur l'essentiel."
contact@lacouronnetissus.fr,Lacouronnetissus,Lacouronnetissus,"Dans le commerce, j'imagine qu'entre l'accueil en boutique et la gestion des commandes, répondre à tous les messages en ligne devient vite mission impossible 🛍️","J'ai automatisé 80 % de ma propre entreprise (location de yacht à Carnon). Aujourd'hui je construis des infrastructures IA sur-mesure pour des PME. Chaque entreprise est différente, donc chaque système l'est aussi — mais le but est toujours le même : faire grandir votre activité sereinement, pour que vous puissiez vous concentrer sur l'essentiel."
contact@dressing-collectif.fr,Dressing Collectif,Dressing Collectif,"Dans l'immobilier, j'imagine que les demandes arrivent à toute heure et qu'il faut être ultra-réactif, au risque de voir le client filer ailleurs 🏡","J'ai automatisé 80 % de ma propre entreprise (location de yacht à Carnon). Aujourd'hui je construis des infrastructures IA sur-mesure pour des PME. Chaque entreprise est différente, donc chaque système l'est aussi — mais le but est toujours le même : faire grandir votre activité sereinement, pour que vous puissiez vous concentrer sur l'essentiel."
contact@2-m-habitat.fr,2 M Habitat,2 M Habitat,"Dans le bâtiment, j'imagine que vos journées se passent surtout sur les chantiers — et que répondre aux demandes de devis une fois rentré le soir, c'est une autre paire de manches 👷","J'ai automatisé 80 % de ma propre entreprise (location de yacht à Carnon). Aujourd'hui je construis des infrastructures IA sur-mesure pour des PME. Chaque entreprise est différente, donc chaque système l'est aussi — mais le but est toujours le même : faire grandir votre activité sereinement, pour que vous puissiez vous concentrer sur l'essentiel."
contact@arles-transports.fr,Arles Transports,Arles Transports,"Dans le transport, j'imagine que vous êtes plus souvent sur la route qu'au téléphone — et que rappeler chaque demande de devis prend un temps fou 🚚","J'ai automatisé 80 % de ma propre entreprise (location de yacht à Carnon). Aujourd'hui je construis des infrastructures IA sur-mesure pour des PME. Chaque entreprise est différente, donc chaque système l'est aussi — mais le but est toujours le même : faire grandir votre activité sereinement, pour que vous puissiez vous concentrer sur l'essentiel."
chrystel.trupiano@grech-bernabo-formation.com,Grech Bernabo Formation,Grech Bernabo Formation,"Dans l'automobile, j'imagine qu'entre l'atelier et le téléphone qui sonne, prendre chaque demande de RDV à la volée n'est pas évident 🚗","J'ai automatisé 80 % de ma propre entreprise (location de yacht à Carnon). Aujourd'hui je construis des infrastructures IA sur-mesure pour des PME. Chaque entreprise est différente, donc chaque système l'est aussi — mais le but est toujours le même : faire grandir votre activité sereinement, pour que vous puissiez vous concentrer sur l'essentiel."
contact@maconnerie-mgnp.fr,Maconnerie Mgnp,Maconnerie Mgnp,"Dans le bâtiment, j'imagine que vos journées se passent surtout sur les chantiers — et que répondre aux demandes de devis une fois rentré le soir, c'est une autre paire de manches 👷","J'ai automatisé 80 % de ma propre entreprise (location de yacht à Carnon). Aujourd'hui je construis des infrastructures IA sur-mesure pour des PME. Chaque entreprise est différente, donc chaque système l'est aussi — mais le but est toujours le même : faire grandir votre activité sereinement, pour que vous puissiez vous concentrer sur l'essentiel."
contact@mtp-plomberie.fr,Mtp Plomberie,Mtp Plomberie,"Dans le bâtiment, j'imagine que vos journées se passent surtout sur les chantiers — et que répondre aux demandes de devis une fois rentré le soir, c'est une autre paire de manches 👷","J'ai automatisé 80 % de ma propre entreprise (location de yacht à Carnon). Aujourd'hui je construis des infrastructures IA sur-mesure pour des PME. Chaque entreprise est différente, donc chaque système l'est aussi — mais le but est toujours le même : faire grandir votre activité sereinement, pour que vous puissiez vous concentrer sur l'essentiel."
contact@lapouleauxoeufsdargence.fr,Lapouleauxoeufsdargence,Lapouleauxoeufsdargence,"En restauration, entre le coup de feu du service et la gestion des réservations, j'imagine qu'il ne reste pas une minute pour répondre à tous les messages 🍽️","J'ai automatisé 80 % de ma propre entreprise (location de yacht à Carnon). Aujourd'hui je construis des infrastructures IA sur-mesure pour des PME. Chaque entreprise est différente, donc chaque système l'est aussi — mais le but est toujours le même : faire grandir votre activité sereinement, pour que vous puissiez vous concentrer sur l'essentiel."
contact@domo-concept-renov.fr,Domo Concept Renov,Domo Concept Renov,"Dans le bâtiment, j'imagine que vos journées se passent surtout sur les chantiers — et que répondre aux demandes de devis une fois rentré le soir, c'est une autre paire de manches 👷","J'ai automatisé 80 % de ma propre entreprise (location de yacht à Carnon). Aujourd'hui je construis des infrastructures IA sur-mesure pour des PME. Chaque entreprise est différente, donc chaque système l'est aussi — mais le but est toujours le même : faire grandir votre activité sereinement, pour que vous puissiez vous concentrer sur l'essentiel."
contact@entreprisetinellicarrelage.fr,Entreprisetinellicarrelage,Entreprisetinellicarrelage,"Dans le bâtiment, j'imagine que vos journées se passent surtout sur les chantiers — et que répondre aux demandes de devis une fois rentré le soir, c'est une autre paire de manches 👷","J'ai automatisé 80 % de ma propre entreprise (location de yacht à Carnon). Aujourd'hui je construis des infrastructures IA sur-mesure pour des PME. Chaque entreprise est différente, donc chaque système l'est aussi — mais le but est toujours le même : faire grandir votre activité sereinement, pour que vous puissiez vous concentrer sur l'essentiel."
contact@fd-elagage.fr,Fd Elagage,Fd Elagage,"Dans le bien-être, j'imagine qu'entre deux rendez-vous il est difficile de répondre à tous les messages sans casser le moment présent avec vos clients 🌿","J'ai automatisé 80 % de ma propre entreprise (location de yacht à Carnon). Aujourd'hui je construis des infrastructures IA sur-mesure pour des PME. Chaque entreprise est différente, donc chaque système l'est aussi — mais le but est toujours le même : faire grandir votre activité sereinement, pour que vous puissiez vous concentrer sur l'essentiel."
contact@concept-sols.fr,Concept Sols,Concept Sols,"Dans le bâtiment, j'imagine que vos journées se passent surtout sur les chantiers — et que répondre aux demandes de devis une fois rentré le soir, c'est une autre paire de manches 👷","J'ai automatisé 80 % de ma propre entreprise (location de yacht à Carnon). Aujourd'hui je construis des infrastructures IA sur-mesure pour des PME. Chaque entreprise est différente, donc chaque système l'est aussi — mais le but est toujours le même : faire grandir votre activité sereinement, pour que vous puissiez vous concentrer sur l'essentiel."
contact@ssip2-13.com,Ssip2 13,Ssip2 13,"Dans la formation, j'imagine que vous jonglez en permanence entre la préparation des sessions et les demandes d'inscription qui tombent à toute heure 📚","J'ai automatisé 80 % de ma propre entreprise (location de yacht à Carnon). Aujourd'hui je construis des infrastructures IA sur-mesure pour des PME. Chaque entreprise est différente, donc chaque système l'est aussi — mais le but est toujours le même : faire grandir votre activité sereinement, pour que vous puissiez vous concentrer sur l'essentiel."
contact@ki-plomberie-chauffage.fr,Ki Plomberie Chauffage,Ki Plomberie Chauffage,"Dans le bâtiment, j'imagine que vos journées se passent surtout sur les chantiers — et que répondre aux demandes de devis une fois rentré le soir, c'est une autre paire de manches 👷","J'ai automatisé 80 % de ma propre entreprise (location de yacht à Carnon). Aujourd'hui je construis des infrastructures IA sur-mesure pour des PME. Chaque entreprise est différente, donc chaque système l'est aussi — mais le but est toujours le même : faire grandir votre activité sereinement, pour que vous puissiez vous concentrer sur l'essentiel."
la.cuisine.de.mama.traiteur@gmail.com,Lacuisinedemama Traiteur,Lacuisinedemama Traiteur,"En restauration, entre le coup de feu du service et la gestion des réservations, j'imagine qu'il ne reste pas une minute pour répondre à tous les messages 🍽️","J'ai automatisé 80 % de ma propre entreprise (location de yacht à Carnon). Aujourd'hui je construis des infrastructures IA sur-mesure pour des PME. Chaque entreprise est différente, donc chaque système l'est aussi — mais le but est toujours le même : faire grandir votre activité sereinement, pour que vous puissiez vous concentrer sur l'essentiel."
l.thibaud30@gmail.com,Camargue Bohem,Camargue Bohem,"Dans l'immobilier, j'imagine que les demandes arrivent à toute heure et qu'il faut être ultra-réactif, au risque de voir le client filer ailleurs 🏡","J'ai automatisé 80 % de ma propre entreprise (location de yacht à Carnon). Aujourd'hui je construis des infrastructures IA sur-mesure pour des PME. Chaque entreprise est différente, donc chaque système l'est aussi — mais le but est toujours le même : faire grandir votre activité sereinement, pour que vous puissiez vous concentrer sur l'essentiel."
sublime.laser13@gmail.com,Sublime Laser Epilation,Sublime Laser Epilation,"Dans la beauté, j'imagine qu'entre deux clientes il est compliqué de répondre aux demandes de rendez-vous sans interrompre la prestation 💅","J'ai automatisé 80 % de ma propre entreprise (location de yacht à Carnon). Aujourd'hui je construis des infrastructures IA sur-mesure pour des PME. Chaque entreprise est différente, donc chaque système l'est aussi — mais le but est toujours le même : faire grandir votre activité sereinement, pour que vous puissiez vous concentrer sur l'essentiel."
contact@la-chevauchee-de-letoile.fr,La Chevauchee De Letoile,La Chevauchee De Letoile,"Dans la formation, j'imagine que vous jonglez en permanence entre la préparation des sessions et les demandes d'inscription qui tombent à toute heure 📚","J'ai automatisé 80 % de ma propre entreprise (location de yacht à Carnon). Aujourd'hui je construis des infrastructures IA sur-mesure pour des PME. Chaque entreprise est différente, donc chaque système l'est aussi — mais le but est toujours le même : faire grandir votre activité sereinement, pour que vous puissiez vous concentrer sur l'essentiel."
contact@pizza-le-26.fr,Pizza Le 26,Pizza Le 26,"En restauration, entre le coup de feu du service et la gestion des réservations, j'imagine qu'il ne reste pas une minute pour répondre à tous les messages 🍽️","J'ai automatisé 80 % de ma propre entreprise (location de yacht à Carnon). Aujourd'hui je construis des infrastructures IA sur-mesure pour des PME. Chaque entreprise est différente, donc chaque système l'est aussi — mais le but est toujours le même : faire grandir votre activité sereinement, pour que vous puissiez vous concentrer sur l'essentiel."
contact@kine-sport-13.fr,Kine Sport 13,Kine Sport 13,"Dans le bien-être, j'imagine qu'entre deux rendez-vous il est difficile de répondre à tous les messages sans casser le moment présent avec vos clients 🌿","J'ai automatisé 80 % de ma propre entreprise (location de yacht à Carnon). Aujourd'hui je construis des infrastructures IA sur-mesure pour des PME. Chaque entreprise est différente, donc chaque système l'est aussi — mais le but est toujours le même : faire grandir votre activité sereinement, pour que vous puissiez vous concentrer sur l'essentiel."
boucherie.borrely@gmail.com,Boucherieborrely Drive,Boucherieborrely Drive,"En restauration, entre le coup de feu du service et la gestion des réservations, j'imagine qu'il ne reste pas une minute pour répondre à tous les messages 🍽️","J'ai automatisé 80 % de ma propre entreprise (location de yacht à Carnon). Aujourd'hui je construis des infrastructures IA sur-mesure pour des PME. Chaque entreprise est différente, donc chaque système l'est aussi — mais le but est toujours le même : faire grandir votre activité sereinement, pour que vous puissiez vous concentrer sur l'essentiel."
mchaguiservices@gmail.com,Mchagui Demenagement,Mchagui Demenagement,"Dans la formation, j'imagine que vous jonglez en permanence entre la préparation des sessions et les demandes d'inscription qui tombent à toute heure 📚","J'ai automatisé 80 % de ma propre entreprise (location de yacht à Carnon). Aujourd'hui je construis des infrastructures IA sur-mesure pour des PME. Chaque entreprise est différente, donc chaque système l'est aussi — mais le but est toujours le même : faire grandir votre activité sereinement, pour que vous puissiez vous concentrer sur l'essentiel."
contact@bonheur-et-bijoux.com,Bonheur Et Bijoux,Bonheur Et Bijoux,"Dans le commerce, j'imagine qu'entre l'accueil en boutique et la gestion des commandes, répondre à tous les messages en ligne devient vite mission impossible 🛍️","J'ai automatisé 80 % de ma propre entreprise (location de yacht à Carnon). Aujourd'hui je construis des infrastructures IA sur-mesure pour des PME. Chaque entreprise est différente, donc chaque système l'est aussi — mais le but est toujours le même : faire grandir votre activité sereinement, pour que vous puissiez vous concentrer sur l'essentiel."
contact@aecp-graceffa-lancon.fr,Aecp Graceffa Lancon,Aecp Graceffa Lancon,"Dans le commerce, j'imagine qu'entre l'accueil en boutique et la gestion des commandes, répondre à tous les messages en ligne devient vite mission impossible 🛍️","J'ai automatisé 80 % de ma propre entreprise (location de yacht à Carnon). Aujourd'hui je construis des infrastructures IA sur-mesure pour des PME. Chaque entreprise est différente, donc chaque système l'est aussi — mais le but est toujours le même : faire grandir votre activité sereinement, pour que vous puissiez vous concentrer sur l'essentiel."
contact@fred-multiservices13.fr,Fred Multiservices13,Fred Multiservices13,"Dans le bâtiment, j'imagine que vos journées se passent surtout sur les chantiers — et que répondre aux demandes de devis une fois rentré le soir, c'est une autre paire de manches 👷","J'ai automatisé 80 % de ma propre entreprise (location de yacht à Carnon). Aujourd'hui je construis des infrastructures IA sur-mesure pour des PME. Chaque entreprise est différente, donc chaque système l'est aussi — mais le but est toujours le même : faire grandir votre activité sereinement, pour que vous puissiez vous concentrer sur l'essentiel."
contact@au-coeur-de-la-provence.fr,Au Coeur De La Provence,Au Coeur De La Provence,"En restauration, entre le coup de feu du service et la gestion des réservations, j'imagine qu'il ne reste pas une minute pour répondre à tous les messages 🍽️","J'ai automatisé 80 % de ma propre entreprise (location de yacht à Carnon). Aujourd'hui je construis des infrastructures IA sur-mesure pour des PME. Chaque entreprise est différente, donc chaque système l'est aussi — mais le but est toujours le même : faire grandir votre activité sereinement, pour que vous puissiez vous concentrer sur l'essentiel."
contact@gapc-renov.fr,Gapc Renov,Gapc Renov,"Dans le bâtiment, j'imagine que vos journées se passent surtout sur les chantiers — et que répondre aux demandes de devis une fois rentré le soir, c'est une autre paire de manches 👷","J'ai automatisé 80 % de ma propre entreprise (location de yacht à Carnon). Aujourd'hui je construis des infrastructures IA sur-mesure pour des PME. Chaque entreprise est différente, donc chaque système l'est aussi — mais le but est toujours le même : faire grandir votre activité sereinement, pour que vous puissiez vous concentrer sur l'essentiel."
contact@au-petit-bouchon-istres.fr,Au Petit Bouchon Istres,Au Petit Bouchon Istres,"En restauration, entre le coup de feu du service et la gestion des réservations, j'imagine qu'il ne reste pas une minute pour répondre à tous les messages 🍽️","J'ai automatisé 80 % de ma propre entreprise (location de yacht à Carnon). Aujourd'hui je construis des infrastructures IA sur-mesure pour des PME. Chaque entreprise est différente, donc chaque système l'est aussi — mais le but est toujours le même : faire grandir votre activité sereinement, pour que vous puissiez vous concentrer sur l'essentiel."
contact@perez-coiffure.fr,Perez Coiffure,Perez Coiffure,"Dans la beauté, j'imagine qu'entre deux clientes il est compliqué de répondre aux demandes de rendez-vous sans interrompre la prestation 💅","J'ai automatisé 80 % de ma propre entreprise (location de yacht à Carnon). Aujourd'hui je construis des infrastructures IA sur-mesure pour des PME. Chaque entreprise est différente, donc chaque système l'est aussi — mais le but est toujours le même : faire grandir votre activité sereinement, pour que vous puissiez vous concentrer sur l'essentiel."
contact@2d-construction.fr,2d Construction,2d Construction,"Dans le bâtiment, j'imagine que vos journées se passent surtout sur les chantiers — et que répondre aux demandes de devis une fois rentré le soir, c'est une autre paire de manches 👷","J'ai automatisé 80 % de ma propre entreprise (location de yacht à Carnon). Aujourd'hui je construis des infrastructures IA sur-mesure pour des PME. Chaque entreprise est différente, donc chaque système l'est aussi — mais le but est toujours le même : faire grandir votre activité sereinement, pour que vous puissiez vous concentrer sur l'essentiel."
contact@landri-renovations.fr,Landri Renovations,Landri Renovations,"Dans le bâtiment, j'imagine que vos journées se passent surtout sur les chantiers — et que répondre aux demandes de devis une fois rentré le soir, c'est une autre paire de manches 👷","J'ai automatisé 80 % de ma propre entreprise (location de yacht à Carnon). Aujourd'hui je construis des infrastructures IA sur-mesure pour des PME. Chaque entreprise est différente, donc chaque système l'est aussi — mais le but est toujours le même : faire grandir votre activité sereinement, pour que vous puissiez vous concentrer sur l'essentiel."
contact@olympe-terrassements.fr,Olympe Terrassements,Olympe Terrassements,"Dans le bâtiment, j'imagine que vos journées se passent surtout sur les chantiers — et que répondre aux demandes de devis une fois rentré le soir, c'est une autre paire de manches 👷","J'ai automatisé 80 % de ma propre entreprise (location de yacht à Carnon). Aujourd'hui je construis des infrastructures IA sur-mesure pour des PME. Chaque entreprise est différente, donc chaque système l'est aussi — mais le but est toujours le même : faire grandir votre activité sereinement, pour que vous puissiez vous concentrer sur l'essentiel."
contact@netauto-lavage.fr,Netauto Lavage,Netauto Lavage,"Dans l'automobile, j'imagine qu'entre l'atelier et le téléphone qui sonne, prendre chaque demande de RDV à la volée n'est pas évident 🚗","J'ai automatisé 80 % de ma propre entreprise (location de yacht à Carnon). Aujourd'hui je construis des infrastructures IA sur-mesure pour des PME. Chaque entreprise est différente, donc chaque système l'est aussi — mais le but est toujours le même : faire grandir votre activité sereinement, pour que vous puissiez vous concentrer sur l'essentiel."
lairdupneu@gmail.com,Lairdupneu,Lairdupneu,"Dans l'automobile, j'imagine qu'entre l'atelier et le téléphone qui sonne, prendre chaque demande de RDV à la volée n'est pas évident 🚗","J'ai automatisé 80 % de ma propre entreprise (location de yacht à Carnon). Aujourd'hui je construis des infrastructures IA sur-mesure pour des PME. Chaque entreprise est différente, donc chaque système l'est aussi — mais le but est toujours le même : faire grandir votre activité sereinement, pour que vous puissiez vous concentrer sur l'essentiel."
contact@carrosserie-roux13.fr,Carrosserie Roux13,Carrosserie Roux13,"Dans l'automobile, j'imagine qu'entre l'atelier et le téléphone qui sonne, prendre chaque demande de RDV à la volée n'est pas évident 🚗","J'ai automatisé 80 % de ma propre entreprise (location de yacht à Carnon). Aujourd'hui je construis des infrastructures IA sur-mesure pour des PME. Chaque entreprise est différente, donc chaque système l'est aussi — mais le but est toujours le même : faire grandir votre activité sereinement, pour que vous puissiez vous concentrer sur l'essentiel."
contact@pocora-charpente.fr,Pocora Charpente,Pocora Charpente,"Dans le bâtiment, j'imagine que vos journées se passent surtout sur les chantiers — et que répondre aux demandes de devis une fois rentré le soir, c'est une autre paire de manches 👷","J'ai automatisé 80 % de ma propre entreprise (location de yacht à Carnon). Aujourd'hui je construis des infrastructures IA sur-mesure pour des PME. Chaque entreprise est différente, donc chaque système l'est aussi — mais le but est toujours le même : faire grandir votre activité sereinement, pour que vous puissiez vous concentrer sur l'essentiel."
contact@rent-events-location-materiel-miramas.fr,Rent Events Location Materiel Miramas,Rent Events Location Materiel Miramas,"Dans l'immobilier, j'imagine que les demandes arrivent à toute heure et qu'il faut être ultra-réactif, au risque de voir le client filer ailleurs 🏡","J'ai automatisé 80 % de ma propre entreprise (location de yacht à Carnon). Aujourd'hui je construis des infrastructures IA sur-mesure pour des PME. Chaque entreprise est différente, donc chaque système l'est aussi — mais le but est toujours le même : faire grandir votre activité sereinement, pour que vous puissiez vous concentrer sur l'essentiel."
contact@dall-clim.fr,Dall Clim,Dall Clim,"Dans le bâtiment, j'imagine que vos journées se passent surtout sur les chantiers — et que répondre aux demandes de devis une fois rentré le soir, c'est une autre paire de manches 👷","J'ai automatisé 80 % de ma propre entreprise (location de yacht à Carnon). Aujourd'hui je construis des infrastructures IA sur-mesure pour des PME. Chaque entreprise est différente, donc chaque système l'est aussi — mais le but est toujours le même : faire grandir votre activité sereinement, pour que vous puissiez vous concentrer sur l'essentiel."
contact@lemoulindisnard.fr,Lemoulindisnard,Lemoulindisnard,"En restauration, entre le coup de feu du service et la gestion des réservations, j'imagine qu'il ne reste pas une minute pour répondre à tous les messages 🍽️","J'ai automatisé 80 % de ma propre entreprise (location de yacht à Carnon). Aujourd'hui je construis des infrastructures IA sur-mesure pour des PME. Chaque entreprise est différente, donc chaque système l'est aussi — mais le but est toujours le même : faire grandir votre activité sereinement, pour que vous puissiez vous concentrer sur l'essentiel."
contact@jm-espaces-verts13.fr,Jm Espaces Verts13,Jm Espaces Verts13,"Dans le bien-être, j'imagine qu'entre deux rendez-vous il est difficile de répondre à tous les messages sans casser le moment présent avec vos clients 🌿","J'ai automatisé 80 % de ma propre entreprise (location de yacht à Carnon). Aujourd'hui je construis des infrastructures IA sur-mesure pour des PME. Chaque entreprise est différente, donc chaque système l'est aussi — mais le but est toujours le même : faire grandir votre activité sereinement, pour que vous puissiez vous concentrer sur l'essentiel."
contact@pierre-marbrerie.fr,Pierre Marbrerie,Pierre Marbrerie,"En restauration, entre le coup de feu du service et la gestion des réservations, j'imagine qu'il ne reste pas une minute pour répondre à tous les messages 🍽️","J'ai automatisé 80 % de ma propre entreprise (location de yacht à Carnon). Aujourd'hui je construis des infrastructures IA sur-mesure pour des PME. Chaque entreprise est différente, donc chaque système l'est aussi — mais le but est toujours le même : faire grandir votre activité sereinement, pour que vous puissiez vous concentrer sur l'essentiel."
contact@rgferronnerie.fr,Rgferronnerie,Rgferronnerie,"Dans le bâtiment, j'imagine que vos journées se passent surtout sur les chantiers — et que répondre aux demandes de devis une fois rentré le soir, c'est une autre paire de manches 👷","J'ai automatisé 80 % de ma propre entreprise (location de yacht à Carnon). Aujourd'hui je construis des infrastructures IA sur-mesure pour des PME. Chaque entreprise est différente, donc chaque système l'est aussi — mais le but est toujours le même : faire grandir votre activité sereinement, pour que vous puissiez vous concentrer sur l'essentiel."
contact@sucre-sale-marignane.fr,Sucre Sale Marignane,Sucre Sale Marignane,"En restauration, entre le coup de feu du service et la gestion des réservations, j'imagine qu'il ne reste pas une minute pour répondre à tous les messages 🍽️","J'ai automatisé 80 % de ma propre entreprise (location de yacht à Carnon). Aujourd'hui je construis des infrastructures IA sur-mesure pour des PME. Chaque entreprise est différente, donc chaque système l'est aussi — mais le but est toujours le même : faire grandir votre activité sereinement, pour que vous puissiez vous concentrer sur l'essentiel."
contact@la-conciergerie-villageoise.fr,La Conciergerie Villageoise,La Conciergerie Villageoise,"Dans l'immobilier, j'imagine que les demandes arrivent à toute heure et qu'il faut être ultra-réactif, au risque de voir le client filer ailleurs 🏡","J'ai automatisé 80 % de ma propre entreprise (location de yacht à Carnon). Aujourd'hui je construis des infrastructures IA sur-mesure pour des PME. Chaque entreprise est différente, donc chaque système l'est aussi — mais le but est toujours le même : faire grandir votre activité sereinement, pour que vous puissiez vous concentrer sur l'essentiel."
contact@rongeurs-13.com,Rongeurs 13,Rongeurs 13,"Dans le commerce, j'imagine qu'entre l'accueil en boutique et la gestion des commandes, répondre à tous les messages en ligne devient vite mission impossible 🛍️","J'ai automatisé 80 % de ma propre entreprise (location de yacht à Carnon). Aujourd'hui je construis des infrastructures IA sur-mesure pour des PME. Chaque entreprise est différente, donc chaque système l'est aussi — mais le but est toujours le même : faire grandir votre activité sereinement, pour que vous puissiez vous concentrer sur l'essentiel."
abps.miramas@orange.fr,Abps Terrassement,Abps Terrassement,"Dans le bâtiment, j'imagine que vos journées se passent surtout sur les chantiers — et que répondre aux demandes de devis une fois rentré le soir, c'est une autre paire de manches 👷","J'ai automatisé 80 % de ma propre entreprise (location de yacht à Carnon). Aujourd'hui je construis des infrastructures IA sur-mesure pour des PME. Chaque entreprise est différente, donc chaque système l'est aussi — mais le but est toujours le même : faire grandir votre activité sereinement, pour que vous puissiez vous concentrer sur l'essentiel."
contact@safe-elec13.fr,Safe Elec13,Safe Elec13,"Dans le bâtiment, j'imagine que vos journées se passent surtout sur les chantiers — et que répondre aux demandes de devis une fois rentré le soir, c'est une autre paire de manches 👷","J'ai automatisé 80 % de ma propre entreprise (location de yacht à Carnon). Aujourd'hui je construis des infrastructures IA sur-mesure pour des PME. Chaque entreprise est différente, donc chaque système l'est aussi — mais le but est toujours le même : faire grandir votre activité sereinement, pour que vous puissiez vous concentrer sur l'essentiel."
contact@excell-car.fr,Excell Car,Excell Car,"Dans l'automobile, j'imagine qu'entre l'atelier et le téléphone qui sonne, prendre chaque demande de RDV à la volée n'est pas évident 🚗","J'ai automatisé 80 % de ma propre entreprise (location de yacht à Carnon). Aujourd'hui je construis des infrastructures IA sur-mesure pour des PME. Chaque entreprise est différente, donc chaque système l'est aussi — mais le but est toujours le même : faire grandir votre activité sereinement, pour que vous puissiez vous concentrer sur l'essentiel."
contact@rs13-carrosserie.fr,Rs13 Carrosserie,Rs13 Carrosserie,"Dans l'automobile, j'imagine qu'entre l'atelier et le téléphone qui sonne, prendre chaque demande de RDV à la volée n'est pas évident 🚗","J'ai automatisé 80 % de ma propre entreprise (location de yacht à Carnon). Aujourd'hui je construis des infrastructures IA sur-mesure pour des PME. Chaque entreprise est différente, donc chaque système l'est aussi — mais le but est toujours le même : faire grandir votre activité sereinement, pour que vous puissiez vous concentrer sur l'essentiel."
bressonbrigitte@yahoo.fr,Les3bbbijoux,Les3bbbijoux,"Dans le commerce, j'imagine qu'entre l'accueil en boutique et la gestion des commandes, répondre à tous les messages en ligne devient vite mission impossible 🛍️","J'ai automatisé 80 % de ma propre entreprise (location de yacht à Carnon). Aujourd'hui je construis des infrastructures IA sur-mesure pour des PME. Chaque entreprise est différente, donc chaque système l'est aussi — mais le but est toujours le même : faire grandir votre activité sereinement, pour que vous puissiez vous concentrer sur l'essentiel."
contact@le-jardin-ideal-paysagiste.fr,Le Jardin Ideal Paysagiste,Le Jardin Ideal Paysagiste,"Dans le bien-être, j'imagine qu'entre deux rendez-vous il est difficile de répondre à tous les messages sans casser le moment présent avec vos clients 🌿","J'ai automatisé 80 % de ma propre entreprise (location de yacht à Carnon). Aujourd'hui je construis des infrastructures IA sur-mesure pour des PME. Chaque entreprise est différente, donc chaque système l'est aussi — mais le but est toujours le même : faire grandir votre activité sereinement, pour que vous puissiez vous concentrer sur l'essentiel."
contact@sabor-do-pecado.fr,Sabor Do Pecado,Sabor Do Pecado,"En restauration, entre le coup de feu du service et la gestion des réservations, j'imagine qu'il ne reste pas une minute pour répondre à tous les messages 🍽️","J'ai automatisé 80 % de ma propre entreprise (location de yacht à Carnon). Aujourd'hui je construis des infrastructures IA sur-mesure pour des PME. Chaque entreprise est différente, donc chaque système l'est aussi — mais le but est toujours le même : faire grandir votre activité sereinement, pour que vous puissiez vous concentrer sur l'essentiel."
contact@jeremy-gritti-plombier.fr,Jeremy Gritti Plombier,Jeremy Gritti Plombier,"Dans le bâtiment, j'imagine que vos journées se passent surtout sur les chantiers — et que répondre aux demandes de devis une fois rentré le soir, c'est une autre paire de manches 👷","J'ai automatisé 80 % de ma propre entreprise (location de yacht à Carnon). Aujourd'hui je construis des infrastructures IA sur-mesure pour des PME. Chaque entreprise est différente, donc chaque système l'est aussi — mais le but est toujours le même : faire grandir votre activité sereinement, pour que vous puissiez vous concentrer sur l'essentiel."
contact@espinospeinture.fr,Espinospeinture,Espinospeinture,"Dans les loisirs, j'imagine que la gestion des réservations et des demandes d'info devient vite chronophage dès que la saison s'emballe 🎉","J'ai automatisé 80 % de ma propre entreprise (location de yacht à Carnon). Aujourd'hui je construis des infrastructures IA sur-mesure pour des PME. Chaque entreprise est différente, donc chaque système l'est aussi — mais le but est toujours le même : faire grandir votre activité sereinement, pour que vous puissiez vous concentrer sur l'essentiel."
contact@pro-facades-84.fr,Pro Facades 84,Pro Facades 84,"Dans le bâtiment, j'imagine que vos journées se passent surtout sur les chantiers — et que répondre aux demandes de devis une fois rentré le soir, c'est une autre paire de manches 👷","J'ai automatisé 80 % de ma propre entreprise (location de yacht à Carnon). Aujourd'hui je construis des infrastructures IA sur-mesure pour des PME. Chaque entreprise est différente, donc chaque système l'est aussi — mais le but est toujours le même : faire grandir votre activité sereinement, pour que vous puissiez vous concentrer sur l'essentiel."
contact@restaurant-olivadors-miramas.fr,Restaurant Olivadors Miramas,Restaurant Olivadors Miramas,"Dans le bâtiment, j'imagine que vos journées se passent surtout sur les chantiers — et que répondre aux demandes de devis une fois rentré le soir, c'est une autre paire de manches 👷","J'ai automatisé 80 % de ma propre entreprise (location de yacht à Carnon). Aujourd'hui je construis des infrastructures IA sur-mesure pour des PME. Chaque entreprise est différente, donc chaque système l'est aussi — mais le but est toujours le même : faire grandir votre activité sereinement, pour que vous puissiez vous concentrer sur l'essentiel."
contact@tonton-juju.fr,Tonton Juju,Tonton Juju,"En restauration, entre le coup de feu du service et la gestion des réservations, j'imagine qu'il ne reste pas une minute pour répondre à tous les messages 🍽️","J'ai automatisé 80 % de ma propre entreprise (location de yacht à Carnon). Aujourd'hui je construis des infrastructures IA sur-mesure pour des PME. Chaque entreprise est différente, donc chaque système l'est aussi — mais le but est toujours le même : faire grandir votre activité sereinement, pour que vous puissiez vous concentrer sur l'essentiel."
contact@jmf-conciergerie-services.fr,Jmf Conciergerie Services,Jmf Conciergerie Services,"Dans la formation, j'imagine que vous jonglez en permanence entre la préparation des sessions et les demandes d'inscription qui tombent à toute heure 📚","J'ai automatisé 80 % de ma propre entreprise (location de yacht à Carnon). Aujourd'hui je construis des infrastructures IA sur-mesure pour des PME. Chaque entreprise est différente, donc chaque système l'est aussi — mais le but est toujours le même : faire grandir votre activité sereinement, pour que vous puissiez vous concentrer sur l'essentiel."
contact@mb-construction13.fr,Mb Construction13,Mb Construction13,"Dans le bâtiment, j'imagine que vos journées se passent surtout sur les chantiers — et que répondre aux demandes de devis une fois rentré le soir, c'est une autre paire de manches 👷","J'ai automatisé 80 % de ma propre entreprise (location de yacht à Carnon). Aujourd'hui je construis des infrastructures IA sur-mesure pour des PME. Chaque entreprise est différente, donc chaque système l'est aussi — mais le but est toujours le même : faire grandir votre activité sereinement, pour que vous puissiez vous concentrer sur l'essentiel."
contact@formation-conseil-var.fr,Formation Conseil Var,Formation Conseil Var,"Dans la formation, j'imagine que vous jonglez en permanence entre la préparation des sessions et les demandes d'inscription qui tombent à toute heure 📚","J'ai automatisé 80 % de ma propre entreprise (location de yacht à Carnon). Aujourd'hui je construis des infrastructures IA sur-mesure pour des PME. Chaque entreprise est différente, donc chaque système l'est aussi — mais le but est toujours le même : faire grandir votre activité sereinement, pour que vous puissiez vous concentrer sur l'essentiel."
contact@ilovefripe.fr,Ilovefripe,Ilovefripe,"Dans la formation, j'imagine que vous jonglez en permanence entre la préparation des sessions et les demandes d'inscription qui tombent à toute heure 📚","J'ai automatisé 80 % de ma propre entreprise (location de yacht à Carnon). Aujourd'hui je construis des infrastructures IA sur-mesure pour des PME. Chaque entreprise est différente, donc chaque système l'est aussi — mais le but est toujours le même : faire grandir votre activité sereinement, pour que vous puissiez vous concentrer sur l'essentiel."
contact@magnetisme-chamanique.fr,Magnetisme Chamanique,Magnetisme Chamanique,"Dans le bâtiment, j'imagine que vos journées se passent surtout sur les chantiers — et que répondre aux demandes de devis une fois rentré le soir, c'est une autre paire de manches 👷","J'ai automatisé 80 % de ma propre entreprise (location de yacht à Carnon). Aujourd'hui je construis des infrastructures IA sur-mesure pour des PME. Chaque entreprise est différente, donc chaque système l'est aussi — mais le but est toujours le même : faire grandir votre activité sereinement, pour que vous puissiez vous concentrer sur l'essentiel."
mcm.plomberie13@outlook.fr,Mcm Plomberie,Mcm Plomberie,"Dans le bâtiment, j'imagine que vos journées se passent surtout sur les chantiers — et que répondre aux demandes de devis une fois rentré le soir, c'est une autre paire de manches 👷","J'ai automatisé 80 % de ma propre entreprise (location de yacht à Carnon). Aujourd'hui je construis des infrastructures IA sur-mesure pour des PME. Chaque entreprise est différente, donc chaque système l'est aussi — mais le but est toujours le même : faire grandir votre activité sereinement, pour que vous puissiez vous concentrer sur l'essentiel."
h.assoumani@outlook.fr,Shooterclean,Shooterclean,"Dans l'automobile, j'imagine qu'entre l'atelier et le téléphone qui sonne, prendre chaque demande de RDV à la volée n'est pas évident 🚗","J'ai automatisé 80 % de ma propre entreprise (location de yacht à Carnon). Aujourd'hui je construis des infrastructures IA sur-mesure pour des PME. Chaque entreprise est différente, donc chaque système l'est aussi — mais le but est toujours le même : faire grandir votre activité sereinement, pour que vous puissiez vous concentrer sur l'essentiel."
contact@creation-jardin-13.fr,Creation Jardin 13,Creation Jardin 13,"Dans le bâtiment, j'imagine que vos journées se passent surtout sur les chantiers — et que répondre aux demandes de devis une fois rentré le soir, c'est une autre paire de manches 👷","J'ai automatisé 80 % de ma propre entreprise (location de yacht à Carnon). Aujourd'hui je construis des infrastructures IA sur-mesure pour des PME. Chaque entreprise est différente, donc chaque système l'est aussi — mais le but est toujours le même : faire grandir votre activité sereinement, pour que vous puissiez vous concentrer sur l'essentiel."
contact@admexperts.fr,Admexperts,Admexperts,"Dans votre métier du conseil, j'imagine que le temps passé à qualifier les demandes entrantes empiète sur celui réellement consacré à vos clients 📊","J'ai automatisé 80 % de ma propre entreprise (location de yacht à Carnon). Aujourd'hui je construis des infrastructures IA sur-mesure pour des PME. Chaque entreprise est différente, donc chaque système l'est aussi — mais le but est toujours le même : faire grandir votre activité sereinement, pour que vous puissiez vous concentrer sur l'essentiel."
contact@transcargo.fr,Transcargo,Transcargo,"Dans le transport, j'imagine que vous êtes plus souvent sur la route qu'au téléphone — et que rappeler chaque demande de devis prend un temps fou 🚚","J'ai automatisé 80 % de ma propre entreprise (location de yacht à Carnon). Aujourd'hui je construis des infrastructures IA sur-mesure pour des PME. Chaque entreprise est différente, donc chaque système l'est aussi — mais le but est toujours le même : faire grandir votre activité sereinement, pour que vous puissiez vous concentrer sur l'essentiel."
contact@sylv-elec.fr,Sylv Elec,Sylv Elec,"Dans le bâtiment, j'imagine que vos journées se passent surtout sur les chantiers — et que répondre aux demandes de devis une fois rentré le soir, c'est une autre paire de manches 👷","J'ai automatisé 80 % de ma propre entreprise (location de yacht à Carnon). Aujourd'hui je construis des infrastructures IA sur-mesure pour des PME. Chaque entreprise est différente, donc chaque système l'est aussi — mais le but est toujours le même : faire grandir votre activité sereinement, pour que vous puissiez vous concentrer sur l'essentiel."
contact@b-sam-transport-demenagement.fr,B Sam Transport Demenagement,B Sam Transport Demenagement,"Dans le transport, j'imagine que vous êtes plus souvent sur la route qu'au téléphone — et que rappeler chaque demande de devis prend un temps fou 🚚","J'ai automatisé 80 % de ma propre entreprise (location de yacht à Carnon). Aujourd'hui je construis des infrastructures IA sur-mesure pour des PME. Chaque entreprise est différente, donc chaque système l'est aussi — mais le but est toujours le même : faire grandir votre activité sereinement, pour que vous puissiez vous concentrer sur l'essentiel."
contact@jls-environnement.fr,Jls Environnement,Jls Environnement,"Dans le bien-être, j'imagine qu'entre deux rendez-vous il est difficile de répondre à tous les messages sans casser le moment présent avec vos clients 🌿","J'ai automatisé 80 % de ma propre entreprise (location de yacht à Carnon). Aujourd'hui je construis des infrastructures IA sur-mesure pour des PME. Chaque entreprise est différente, donc chaque système l'est aussi — mais le but est toujours le même : faire grandir votre activité sereinement, pour que vous puissiez vous concentrer sur l'essentiel."
contact@elvis-jardin-paysage.fr,Elvis Jardin Paysage,Elvis Jardin Paysage,"Dans le bâtiment, j'imagine que vos journées se passent surtout sur les chantiers — et que répondre aux demandes de devis une fois rentré le soir, c'est une autre paire de manches 👷","J'ai automatisé 80 % de ma propre entreprise (location de yacht à Carnon). Aujourd'hui je construis des infrastructures IA sur-mesure pour des PME. Chaque entreprise est différente, donc chaque système l'est aussi — mais le but est toujours le même : faire grandir votre activité sereinement, pour que vous puissiez vous concentrer sur l'essentiel."
contact@pitou-depanne-tout.fr,Pitou Depanne Tout,Pitou Depanne Tout,"Dans le bâtiment, j'imagine que vos journées se passent surtout sur les chantiers — et que répondre aux demandes de devis une fois rentré le soir, c'est une autre paire de manches 👷","J'ai automatisé 80 % de ma propre entreprise (location de yacht à Carnon). Aujourd'hui je construis des infrastructures IA sur-mesure pour des PME. Chaque entreprise est différente, donc chaque système l'est aussi — mais le but est toujours le même : faire grandir votre activité sereinement, pour que vous puissiez vous concentrer sur l'essentiel."
contact@mel-plomberie.fr,Mel Plomberie,Mel Plomberie,"Dans le bâtiment, j'imagine que vos journées se passent surtout sur les chantiers — et que répondre aux demandes de devis une fois rentré le soir, c'est une autre paire de manches 👷","J'ai automatisé 80 % de ma propre entreprise (location de yacht à Carnon). Aujourd'hui je construis des infrastructures IA sur-mesure pour des PME. Chaque entreprise est différente, donc chaque système l'est aussi — mais le but est toujours le même : faire grandir votre activité sereinement, pour que vous puissiez vous concentrer sur l'essentiel."
contact@jardizen-paysagiste-designer.fr,Jardizen Paysagiste Designer,Jardizen Paysagiste Designer,"Dans le bâtiment, j'imagine que vos journées se passent surtout sur les chantiers — et que répondre aux demandes de devis une fois rentré le soir, c'est une autre paire de manches 👷","J'ai automatisé 80 % de ma propre entreprise (location de yacht à Carnon). Aujourd'hui je construis des infrastructures IA sur-mesure pour des PME. Chaque entreprise est différente, donc chaque système l'est aussi — mais le but est toujours le même : faire grandir votre activité sereinement, pour que vous puissiez vous concentrer sur l'essentiel."
contact@msenergies-paoli.fr,Msenergies Paoli,Msenergies Paoli,"Dans le bâtiment, j'imagine que vos journées se passent surtout sur les chantiers — et que répondre aux demandes de devis une fois rentré le soir, c'est une autre paire de manches 👷","J'ai automatisé 80 % de ma propre entreprise (location de yacht à Carnon). Aujourd'hui je construis des infrastructures IA sur-mesure pour des PME. Chaque entreprise est différente, donc chaque système l'est aussi — mais le but est toujours le même : faire grandir votre activité sereinement, pour que vous puissiez vous concentrer sur l'essentiel."
contact@plaquiste-turco.fr,Plaquiste Turco,Plaquiste Turco,"Dans le bâtiment, j'imagine que vos journées se passent surtout sur les chantiers — et que répondre aux demandes de devis une fois rentré le soir, c'est une autre paire de manches 👷","J'ai automatisé 80 % de ma propre entreprise (location de yacht à Carnon). Aujourd'hui je construis des infrastructures IA sur-mesure pour des PME. Chaque entreprise est différente, donc chaque système l'est aussi — mais le but est toujours le même : faire grandir votre activité sereinement, pour que vous puissiez vous concentrer sur l'essentiel."
contact@restaurant-lerdv.fr,Restaurant Lerdv,Restaurant Lerdv,"En restauration, entre le coup de feu du service et la gestion des réservations, j'imagine qu'il ne reste pas une minute pour répondre à tous les messages 🍽️","J'ai automatisé 80 % de ma propre entreprise (location de yacht à Carnon). Aujourd'hui je construis des infrastructures IA sur-mesure pour des PME. Chaque entreprise est différente, donc chaque système l'est aussi — mais le but est toujours le même : faire grandir votre activité sereinement, pour que vous puissiez vous concentrer sur l'essentiel."
contact@o2k.fr,O2k,O2k,"Dans le bâtiment, j'imagine que vos journées se passent surtout sur les chantiers — et que répondre aux demandes de devis une fois rentré le soir, c'est une autre paire de manches 👷","J'ai automatisé 80 % de ma propre entreprise (location de yacht à Carnon). Aujourd'hui je construis des infrastructures IA sur-mesure pour des PME. Chaque entreprise est différente, donc chaque système l'est aussi — mais le but est toujours le même : faire grandir votre activité sereinement, pour que vous puissiez vous concentrer sur l'essentiel."
contact@assurlab.com,Assurlab,Assurlab,"Dans votre métier du conseil, j'imagine que le temps passé à qualifier les demandes entrantes empiète sur celui réellement consacré à vos clients 📊","J'ai automatisé 80 % de ma propre entreprise (location de yacht à Carnon). Aujourd'hui je construis des infrastructures IA sur-mesure pour des PME. Chaque entreprise est différente, donc chaque système l'est aussi — mais le but est toujours le même : faire grandir votre activité sereinement, pour que vous puissiez vous concentrer sur l'essentiel."
