NOM,SITE_WEB,SECTEUR,MAIL,MAILS_TROUVES
Primeur à Sète,https://www.boucherievatuone.fr/primeur,Inconnu,boucherievatuone@gmail.com,boucherievatuone@gmail.com
Conciergerie près de Sète | Obtenez votre devis personnalisé,https://www.elservices-conciergerie.fr/conciergerie,Immobilier,contact@elservices-conciergerie.fr,contact@elservices-conciergerie.fr
"Restaurant traditionnel à Sète – Menus, carte et formules",https://www.lauberge-sete.fr/,Restauration,contact@lauberge-sete.fr,contact@lauberge-sete.fr
Personnalisation de vêtements à Sète - MP Créations,https://www.mp-creations-bebe.fr/personnalisation,Inconnu,contact@mp-creations-bebe.fr,contact@mp-creations-bebe.fr
Contactez votre restaurant-bar glacier à Sète,https://www.lesourasbar.fr/contact,Restauration,contact@lesourasbar.fr,contact@lesourasbar.fr
Assistante administrative à Sète,https://www.eugenielalande.fr/,Inconnu,contact@eugenielalande.fr,e.lalande@aadprox.com; contact@eugenielalande.fr
L'Hôtel The Originals City Hotel Hippocampe Sète Balaruc,https://www.hotel-sete-balaruc.fr/,Tourisme,sarlmalo34@gmail.com,sarlmalo34@gmail.com
Plombiers autour de Sète | Contactez-nous !,https://www.cpes-multireseaux.fr/plomberie-sanitaire,BTP,contact@cpes-multireseaux.fr,contact@cpes-multireseaux.fr
Découvrez notre sélection de vins près de Sète,https://www.masdeladraille.fr/notre-selection,Inconnu,contact@masdeladraille.fr,contact@masdeladraille.fr
Studio de répétition à Sète,https://www.lepoissonfa.fr/studio,Inconnu,contact@lepoissonfa.fr,contact@lepoissonfa.fr
MINALIER EXOTIQUE,https://www.minalier-exotique.fr/,Inconnu,contact@minalier-exotique.fr,contact@minalier-exotique.fr
Entreprise de plomberie à Sète – Service personnalisé,https://www.agbain-renovation.fr/salle-de-bains-cle-en-main,BTP,,
Installation et dépannage de plomberie à Sète | Me contacter,https://www.solarandcoenergie.fr/plomberie,Inconnu,contact@solarandcoenergie.fr,contact@solarandcoenergie.fr
Mécanicien à domicile à Sète,https://www.chris-meca-services.fr/,Inconnu,,
Transport touristique à Sète  - Réservez,https://www.sun-sete-vtc.fr/tourisme-local,Transport,contact@sun-sete-vtc.fr,contact@sun-sete-vtc.fr
Animation et sonorisation d’événements près de Sète : contactez-moi,https://www.sebsonosud34.fr/contact,Inconnu,contact@sebsonosud34.fr,contact@sebsonosud34.fr
Boutiques de prêt-à-porter à Ménerbes et à Sète,https://www.boutique-laparte.fr/galeries,Commerce,contact@boutique-laparte.fr,contact@boutique-laparte.fr
Dépannage à domicile d'appareils électroménagers et multimédia à Sète,https://www.pulsat-sete.fr/services,Inconnu,contact@pulsat-sete.fr,contact@pulsat-sete.fr
Entretien et réparation de climatisation à Sète,https://www.chris-meca-services.fr/entretien-et-reparation-de-climatisation,BTP,,
Vente d'appareils de préparation culinaire à Sète,https://www.pulsat-sete.fr/art-culinaire,Inconnu,contact@pulsat-sete.fr,contact@pulsat-sete.fr
Aménagement intérieur près de Sète | Contactez-nous,https://www.valoris34.fr/prestations,Inconnu,contact@valoris34.fr,contact@valoris34.fr
Composez votre salade de pâtes fraîches à Sète - Livraison,https://www.pasta-root-sete.fr/nos-salades-de-pates,Transport,,
Page contact | The Originals City Hotel Hippocampe Sète Balaruc,https://www.hotel-sete-balaruc.fr/contact-2,Formation,sarlmalo34@gmail.com,sarlmalo34@gmail.com
Cuisine familiale dans votre restaurant-bar à Sète,https://www.lesourasbar.fr/restauration,Restauration,contact@lesourasbar.fr,contact@lesourasbar.fr
Votre boutique 100 POUR 100 musique à Sète,https://www.lepoissonfa.fr/,Commerce,contact@lepoissonfa.fr,contact@lepoissonfa.fr
Transport événementiel à Sète – Appelez-moi,https://www.sun-sete-vtc.fr/transport-evenementiel,Transport,contact@sun-sete-vtc.fr,contact@sun-sete-vtc.fr
Restauration traditionnelle à Sète – Restaurant de poisson,https://www.lauberge-sete.fr/suggestion-menu,Restauration,contact@lauberge-sete.fr,contact@lauberge-sete.fr
Entretien et réparation mécanique à domicile à Sète,https://www.chris-meca-services.fr/entretien-reparation-a-domicile,Automobile,,
Vente d'accessoires d'instruments à Sète,https://www.lepoissonfa.fr/les-accessoires,Inconnu,contact@lepoissonfa.fr,contact@lepoissonfa.fr
Des cocktails pour toutes occasions dans notre restaurant-bar à Sète,https://www.lesourasbar.fr/bar-a-cocktails,Restauration,contact@lesourasbar.fr,contact@lesourasbar.fr
Rénovation de bâtiments à Montpellier | Obtenez une estimation,https://www.easdesign.fr/renovation,BTP,eas.design01@gmail.com,eas.design01@gmail.com
Transport de colis au Maroc à Sète | Posez vos questions,https://www.7-transport.fr/transport-colis-maroc,Transport,contact@7-transport.fr,contact@7-transport.fr
Installation photovoltaïque à Lunel | Lancez le projet,https://www.virtuo-energy.fr/installation-photovoltaique-site-isole,Inconnu,contact@virtuo-energy.fr,contact@virtuo-energy.fr; aguivaudon@virtuo-energy.fr
Gainage des ongles à Sète | Laissez votre message,https://www.lenails-onglerie-formation.fr/gainage,Inconnu,contact@lenails-onglerie-formation.fr,contact@lenails-onglerie-formation.fr
Réparation et entretien de solin à Pégairolles-de-l'Escalette,https://www.chatperche-occitanie.fr/solin,Inconnu,contact@chatperche-occitanie.fr,contact@chatperche-occitanie.fr
Poseurs de revêtements à Montbazin,https://www.technic-sol-carrelage.fr/carrelage,Inconnu,technic-sol@orange.fr,technic-sol@orange.fr
Vente de téléviseurs à Sète,https://www.pulsat-sete.fr/televiseurs,Inconnu,contact@pulsat-sete.fr,contact@pulsat-sete.fr
Vape pen et de cigarette électronique pour CBD à Agde – Commandez !,https://www.overtus-34.fr/vape-pen-cigarette-electronique-cbd,Inconnu,,
Garage automobile à Villeneuve-lès-Maguelone,https://www.garagecars34.fr/,Automobile,contact@garagecars34.fr,contact@garagecars34.fr
Piscinistes à Puyméras,https://www.lepisciniste84.fr/,BTP,contact@lepisciniste84.fr,contact@lepisciniste84.fr
Travaux de revêtement à Laurens – Appelez-nous,https://www.fm34.fr/revetement-de-sol,Inconnu,contact@fm34.fr,contact@fm34.fr
Nettoyage de vitre près de Sète | Solutions sur mesure,https://www.max-nettoyage-vitre.fr/nettoyage-de-vitre,Inconnu,contact@max-nettoyage-vitre.fr,contact@max-nettoyage-vitre.fr
Photos de notre salle de réception à Sète | Prenez contact,https://www.lejardinsete.fr/galerie-photos,Inconnu,florencebenezech@gmail.com,florencebenezech@gmail.com
Services de detailing pour voiture proche de Sète,https://www.etsdetailing.fr/detailing,Inconnu,contact@etsdetailing.fr,contact@etsdetailing.fr
Installation de gazon synthétique près de Sète | Appelez-nous,https://www.paysagiste-entretien-creation.fr/pose-de-gazon-synthetique,Inconnu,contact@paysagiste-entretien-creation.fr,contact@paysagiste-entretien-creation.fr
Service traiteur près de Sète | Optez pour nos plats,https://www.boucherie-excellence-meze.fr/traiteurs,Restauration,contact@boucherie-excellence-meze.fr,contact@boucherie-excellence-meze.fr
Restaurant à Narbonne – Réservez votre table,https://www.chezfranck11.fr/,Restauration,chezfranck.reservation@gmail.com,chezfranck.reservation@gmail.com
Découvrez la galerie photos de Chinon location,https://www.chinonlocation.fr/galerie-photos,Immobilier,,
Complexe sportif à Carcassonne,https://www.winkart-11.fr/,Inconnu,contact@winkart-11.fr,contact@winkart.fr; contact@winkart-11.fr
Contactez La Cave d'Olivier à Balaruc-les-Bains,https://www.cave-vin-olivier.fr/contact,Inconnu,contact@cave-vin-olivier.fr,contact@cave-vin-olivier.fr
Travaux de rénovation extérieure à Aigues-Mortes et Arles,https://www.bati-et-renove.fr/renovation-exterieure,BTP,,
"Expert maritime en bateau de plaisance, | Sète à Rosas (Espagne)",https://www.expert-bateau.fr/expert-en-bateau-de-plaisance,Bien-être,contact@expert-bateau.fr,contact@expert-bateau.fr
Galerie photos à Saint-Gély-du-Fesc,https://www.graindesable-massage.fr/galerie-photos,Bien-être,contact@graindesable-massage.fr,contact@graindesable-massage.fr
Exploitation agricole à Villeveyrac | La Ferme des Saveurs,https://www.lafermedessaveurs-34.fr/,Animaux,contact@lafermedessaveurs-34.fr,contact@lafermedessaveurs-34.fr
Kinésiologue à Frontignan,https://www.geraldine-kinesiologie.fr/,Inconnu,gc.kinesio@gmail.com,gc.kinesio@gmail.com; contact-admin@cnpm-mediation-consommation.eu
Nettoyage et restauration de baskets à Castelnau-le-Lez,https://www.le-pressing-sneakers.fr/,BTP,contact@le-pressing-sneakers.fr,contact@le-pressing-sneakers.fr
Restaurant à Balma : cuisine bistronomique et produits frais,https://www.restaurant-lesylva.com/,Restauration,contact@restaurant-lesylva.com,contact@restaurant-lesylva.com
Zone d'intervention de Concept Multiservices à Montpellier,https://www.conceptrenovation34.fr/zone-d-intervention,Inconnu,contact@conceptrenovation34.fr,contact@conceptrenovation34.fr
Vente de produits locaux à Marseillan près de Sète et Agde,https://www.lemomentgourmandbylecochongourmand.fr/mes-produits,Inconnu,contact@lemomentgourmandbylecochongourmand.fr,contact@lemomentgourmandbylecochongourmand.fr
Entreprise de métallerie à Loupian,https://www.smo-herault.fr/,BTP,contact@smo-herault.fr,contact@smo-herault.fr
Boutique de CBD à Agde – Appelez-nous !,https://www.overtus-34.fr/contact,Commerce,,
Vente de vins et de champagnes à Agde,https://www.ls-selection.fr/vins-et-champagnes,Inconnu,contact@ls-selection.fr,contact@ls-selection.fr
La galerie de notre entreprise de façades à Marseillan,https://www.samfacade.fr/nos-realisations,Loisir,contact@samfacade.fr,contact@samfacade.fr
Location de bateaux (avec ou sans permis) à Sète et Agde,https://www.location-bateau-marseillan.fr/location-et-tarifs-bateaux,Immobilier,,
Le Port privé de plaisance Mare È Stagnu à Saint-Florent,https://www.mare-e-stagnu.fr/,Inconnu,contact@mare-e-stagnu.fr,contact@mare-e-stagnu.fr
Électriciens près de Pézennas,https://www.sysur.fr/,BTP,contact.sysur@gmail.com,contact.sysur@gmail.com
Les réalisations de Kourtel TP à Lunel-Viel,https://www.kourtel-tp.fr/nos-realisations,Inconnu,contact@kourtel-tp.fr,contact@kourtel-tp.fr
Vente de poissons et de fruits de mer à Pont-Saint-Esprit,https://www.le-paradis-marin.fr/nos-poissons,Transport,,
Avis entreprise de rénovation à Aigues-Mortes et Castelnau-le-Lez,https://www.bati-et-renove.fr/temoignages,BTP,,
Contactez votre naturopathe à Castelnau-le-Lez,https://www.marionmourrin.com/contact,Inconnu,contact@marionmourrin.com,contact@marionmourrin.com
Entreprise du bâtiment à Montpellier – Gros œ️uvre et second œ️uvre,https://www.batinov-confort.fr/,BTP,,
CFM à Castelnau le Lez et Clapiers : entreprise de menuiseries métalliques et ferronnerie,https://www.cfmetal-34.fr/,BTP,,
Intervention sur alarme à Montpellier et à Castelnau-le-Lez | APS,https://www.action-protection-securite.fr/intervention-sur-alarme,Inconnu,contact@action-protection-securite.fr,contact@action-protection-securite.fr
Brasserie halal à Montpellier- Le Fabuleux,https://www.lefabuleux-brasserie.fr/,Inconnu,contact@lefabuleux-brasserie.fr,contact@lefabuleux-brasserie.fr
Entreprise de Déménagement à Montpellier et Castelnau-le-Lez,https://www.as-demenagement.fr/nos-prestations,Transport,contact@as-demenagement.fr,contact@as-demenagement.fr
Confiez-nous vos travaux de maçonnerie à Castelnau-le-Lez,https://www.tek-villa.fr/devis,BTP,,
Plaquistes à Pérols,https://www.sas-hirailles.fr/,Inconnu,contact@sas-hirailles.fr,contact@sas-hirailles.fr
Aménagement extérieur à Castelnau-le-Lez,https://www.rg-btp.fr/amenagement-exterieur,BTP,contact@rg-btp.fr,contact@rg-btp.fr
Entreprise de rénovation à Castelnau-le-Lez,https://www.rg-btp.fr/contact,BTP,contact@rg-btp.fr,contact@rg-btp.fr
Entreprise de gros œ️uvre à Castelnau-le-Lez,https://www.tek-villa.fr/,BTP,,
Dépannage et réparation de clés de voitures à Castelnau le Lez,https://www.cle-auto-34.fr/,Inconnu,contact@cle-auto-34.fr,contact@cle-auto-34.fr
Déménageurs à Montpellier et Castelnau-le-Lez | A.S.Déménagement,https://www.as-demenagement.fr/,Transport,contact@as-demenagement.fr,contact@as-demenagement.fr
Décoration de maisons à Montpellier | Laissez votre demande,https://www.aets-amenagementetstyle.com/particuliers,Inconnu,,
Les travaux de rénovation à Cazilhac et Castelnau-le-Lez,https://www.fl-construction-34.fr/renovation,BTP,,
Travaux de zinguerie près de Castelnau-le-Lez– Demandez votre devis,https://www.md-toiture-34.fr/zinguerie,Inconnu,contact@md-toiture-34.fr,contact@md-toiture-34.fr
OMC Construction à Montpellier,https://www.omc-construction.fr/,BTP,contact@omc-construction.fr,contact@omc-construction.fr
Plombiers à Castelnau-le-Lez | DP Confort,https://www.dp-confort.fr/plomberie,BTP,contact@dp-confort.fr,contact@dp-confort.fr
La galerie photo de votre maçon à Cazilhac et Castelnau-le-Lez,https://www.fl-construction-34.fr/galerie-photo,BTP,,
Entreprise de rénovation à Aigues-Mortes et Arles,https://www.bati-et-renove.fr/,BTP,,
Restauration de sneakers à Castelnau-le-Lez,https://www.le-pressing-sneakers.fr/restauration-de-sneakers,Inconnu,contact@le-pressing-sneakers.fr,contact@le-pressing-sneakers.fr
Réparation de clés de voitures à Castelnau le Lez et Maugiuo,https://www.cle-auto-34.fr/reparation-de-cles,Inconnu,contact@cle-auto-34.fr,contact@cle-auto-34.fr
Contactez votre métallerie Ferronnerie à Castelnau le Lez CFM,https://www.cfmetal-34.fr/contact,Inconnu,,
Contactez A.S.Déménagement à Castelnau-le-Lez près de Montpellier,https://www.as-demenagement.fr/contact,Transport,contact@as-demenagement.fr,contact@as-demenagement.fr
Découvrez les photos de nos travaux de maçonnerie à Castelnau-le-Lez,https://www.tek-villa.fr/galerie-photos,BTP,,
Créez ou agrandir un cimetière à Nîmes avec Macedo Funéraire,https://www.macedofuneraire.com/creation-et-agrandissement-de-cimetieres,Inconnu,macedofuneraire30127@gmail.com,macedofuneraire30127@gmail.com
Construction de villas contemporaines près Montpellier et Alès,https://www.fl-construction-34.fr/maisons-contemporaines,Inconnu,,
Menuiserie intérieure et extérieure à Claret -  Expertise garantie,https://www.bat-services-menuiseries.fr/,BTP,contact@bat-services-menuiseries.fr,contact@bat-services-menuiseries.fr
CBD légal à Castelnau-le-Lez,https://www.highsociety-cbd.fr/le-cbd-n-est-pas-un-stupefiant,Inconnu,contact@highsociety-cbd.fr,contact@highsociety-cbd.fr
Livre d'or à Montpellier,https://www.catherine-lancon-coach.fr/temoignages,Formation,,
Entreprise de plomberie climatisation près de Saint clement de riviere,https://www.ege-plomberie-clim.fr/,BTP,contact@ege-plomberie-clim.fr,contact@ege-plomberie-clim.fr
Préparateur de voitures de compétition près de Montpellier,https://www.ohwell-reglages-suspensions.fr/,Formation,contact@ohwell-reglages-suspensions.fr,contact@ohwell-reglages-suspensions.fr
Déjaunissement de semelles à Castelnau-le-Lez,https://www.le-pressing-sneakers.fr/dejaunissement,Inconnu,contact@le-pressing-sneakers.fr,contact@le-pressing-sneakers.fr
Entreprise de plomberie à Pérols | Demandez votre devis !,https://www.st-plomberie-depannage.fr/,BTP,contact@st-plomberie-depannage.fr,contact@st-plomberie-depannage.fr
Installation de Bornes de Recharge Électrique pour particuliers,https://www.slecoenergie.fr/vous-etes-particuliers,Inconnu,contact@slecoenergie.fr,contact@slecoenergie.fr
"Photographe culinaire, immobilier et de portrait à Montpellier",https://www.jotheo-photo.fr/prestations,Inconnu,contact@jotheo-photo.fr,contact@jotheo-photo.fr
Contactez nos maçons à Ouveillan – Laissez votre demande,https://www.maitre-doeuvre-ferrer.fr/contact,BTP,contact@maitre-doeuvre-ferrer.fr,contact@maitre-doeuvre-ferrer.fr
Montage pneus à Castelnau-le-Lez,https://www.sud-auto-clean.fr/pneus,Inconnu,,
Carte de nos vins à Palavas-les-Flots,https://www.restaurant-tapas-lecomptoirdepepette.fr/carte-des-vins,Inconnu,contact@restaurant-tapas-lecomptoirdepepette.fr,contact@restaurant-tapas-lecomptoirdepepette.fr
Façadiers expérimentés à Mauguio,https://www.me-facades.fr/,BTP,contact@me-facades.fr,contact@me-facades.fr
Entreprise de couverture à Montpellier,https://www.couvreur-sorrel-monptellier.fr/,BTP,contact@couvreur-sorrel-monptellier.fr,contact@couvreur-sorrel-monptellier.fr
Vente de pizzas au Crès,https://www.pizzanostra34.fr/pizzas,Inconnu,contact@pizzanostra34.fr,contact@pizzanostra34.fr
Électricien professionnel à Montpellier,https://www.mon-artisan-electricien.fr/,BTP,,
Restauration rapide à Montpellier,https://www.smash-burger-34.fr/,Restauration,contact@smash-burger-34.fr,contact@smash-burger-34.fr
Beauté du regard près de Castelnau-le-Lez | Prenez contact,https://www.head-spa-instant-douceur.fr/beaute-du-regard,Inconnu,contact@head-spa-instant-douceur.fr,contact@head-spa-instant-douceur.fr
Entreprise de déménagement à Sauteyrargues,https://www.herault-dem.fr/,Immobilier,contact@herault-dem.fr,contact@herault-dem.fr
Salon de lissage à Montpellier – Contactez-nous,https://www.sbbeauty.fr/,Inconnu,,
Électricien climaticien à Vendargues – Particuliers et professionnels,https://www.idem-electricite.fr/,BTP,,
VITROMAX - Entreprise de nettoyage à Montpellier,https://www.vitromax.fr/,Inconnu,contact@vitromax.fr,contact@vitromax.fr
Entreprise multiservice à Montpellier,https://www.msbati34.fr/,BTP,contact@msbati34.fr,contact@msbati34.fr
Pizzeria et Bistrot italien à Castelnau-le-Lez,https://www.lorenzo-pizza-35.fr/,Restauration,contact@lorenzo-pizza-35.fr,contact@lorenzo-pizza-35.fr
Service de nettoyage à Saint-Jean-de-Védas,https://www.car-wash-pro.fr/,BTP,contact@car-wash-pro.fr,contact@car-wash-pro.fr
Paysagiste à Juvignac | Demandez un devis personnalisé,https://www.paysagiste-entretien-creation.fr/,Inconnu,contact@paysagiste-entretien-creation.fr,contact@paysagiste-entretien-creation.fr
Centre d'esthétique à Montpellier,https://www.lesfeesglamour.fr/,Beauté,contact@lesfeesglamour.fr,contact@lesfeesglamour.fr
Enlèvement des épaves à Montpellier,https://www.depann34.com/enlevement-d-epaves,Inconnu,contact@depann34.com,contact@depann34.com
Pizzeria à Montpellier,https://www.show-pizza.fr/,BTP,,
Entreprise de terrassement à Lunel et Nîmes | Hérault,https://www.sas-goudal.fr/terrassement,Inconnu,contact@sas-goudal.fr,contact@sas-goudal.fr
Mécanique générale à proximité de Lunel | Obtenez un devis,https://www.autospark34.fr/mecanique-generale,Inconnu,contact@autospark34.fr,contact@autospark34.fr
Nettoyage de locaux après chantiers à Lunel-Viel – Contactez-nous,https://www.lnjnettoyages-34.fr/remise-en-etat,Inconnu,,
Location et vente de villas à Lunel,https://www.villafamiliale.fr/location-et-vente-de-villas,Immobilier,contact@villafamiliale.fr,contact@villafamiliale.fr
Poseur de dalle en béton à Lunel-Viel | GGF Étanchéité,https://www.ggf-etancheite.fr/pose-de-dalle-beton-lame-bois,Inconnu,contact@ggf-etancheite.fr,contact@ggf-etancheite.fr
Poissonnerie à Lunel – Contactez-nous,https://www.poissonnerie-fb.fr/,Inconnu,contact@poissonnerie-fb.fr,contact@poissonnerie-fb.fr
Entretien de véhicules à Lunel-Viel – Confiez-nous votre voiture,https://www.garage-smeca.fr/entretien-rapide,Inconnu,,
Maçonnerie générale à Lunel,https://www.herault-constructions.fr/maconnerie-generale,BTP,contact@herault-constructions.fr,contact@herault-constructions.fr
Agencement intérieur à Lunel-Viel – Décoration rénovation,https://www.peinture-dehaese.fr/agencement-interieur,BTP,,
Donnez un coup de neuf à votre façade avec Kourtel Façades à Lunel,https://www.kourtel-facades.fr/renovation-de-facade,Inconnu,contact@kourtel-facades.fr,contact@kourtel-facades.fr; commercial.kourtel@gmail.com
Maçons expérimentés à Lunel,https://www.villafamiliale.fr/,BTP,contact@villafamiliale.fr,contact@villafamiliale.fr
Maçons à Lunel,https://www.herault-constructions.fr/,BTP,contact@herault-constructions.fr,contact@herault-constructions.fr
Façadiers depuis 1975 - Kourtel Façades à Lunel,https://www.kourtel-facades.fr/,BTP,contact@kourtel-facades.fr,contact@kourtel-facades.fr; commercial.kourtel@gmail.com
Entretien de toiture à Lunel-Viel | GGF Étanchéité,https://www.ggf-etancheite.fr/entretien,Inconnu,contact@ggf-etancheite.fr,contact@ggf-etancheite.fr
Brasserie à Lunel │ Contactez-nous dès aujourd’hui,https://www.restaurant-leflamant-lunel.fr/contact,Restauration,leflamant13@orange.fr,leflamant13@orange.fr
Viabilisation de terrains à Lunel-Viel – Confiez-nous vos travaux,https://www.kourtel-tp.fr/viabilisation,Inconnu,contact@kourtel-tp.fr,contact@kourtel-tp.fr
Travaux de rénovation à Aigues-Mortes et Lunel,https://www.bati-et-renove.fr/nos-realisations,BTP,,
Construction de logements sociaux à Lunel,https://www.villafamiliale.fr/logements-sociaux,Inconnu,contact@villafamiliale.fr,contact@villafamiliale.fr
Travaux de rénovation à Lunel,https://www.herault-constructions.fr/renovation,BTP,contact@herault-constructions.fr,contact@herault-constructions.fr
Partagez votre avis concernant nos poissons à Lunel,https://www.poissonnerie-fb.fr/livre-d-or,Inconnu,contact@poissonnerie-fb.fr,contact@poissonnerie-fb.fr
Spécialiste en finition façade à Lunel,https://www.kourtel-facades.fr/finition-facade,Inconnu,contact@kourtel-facades.fr,contact@kourtel-facades.fr; commercial.kourtel@gmail.com
Service de transport à Lunel-Viel – Demandez votre devis,https://www.kourtel-tp.fr/transport,Immobilier,contact@kourtel-tp.fr,contact@kourtel-tp.fr
Plan d'entretien automobile à Lunel-Viel,https://www.garage-smeca.fr/plan-d-entretien,Restauration,,
Maîtres d'ouvrage à Lunel,https://www.villafamiliale.fr/maitrise-d-ouvrage,Inconnu,contact@villafamiliale.fr,contact@villafamiliale.fr
Rénovation de toiture à Lunel,https://www.herault-constructions.fr/toiture,BTP,contact@herault-constructions.fr,contact@herault-constructions.fr
Création sur mesure d'ouvrages en métal à Gallargues-le-Montueux,https://www.metal-maker.fr/creations-sur-mesure,Inconnu,,
"SAS Tanzi, entreprise de construction et rénovation à Tarascon",https://www.tanzi-construction.fr/,BTP,contact@tanzi-construction.fr,contact@tanzi-construction.fr
Travaux publics à Saint-Jean-de-Serres,https://www.jm-btp-fondation.fr/,Inconnu,contact@jm-btp-fondation.fr,contact@jm-btp-fondation.fr
Ferronnier à Saint-Gilles,https://www.latelier-de-thor.fr/ferronnerie,Inconnu,contact@latelier-de-thor.fr,contact@latelier-de-thor.fr
Location de camions avec chauffeur à Aubord près de Lunel,https://www.mstp-travaux-publics.fr/location-de-camions-avec-chauffeur,Immobilier,contact@mstp-travaux-publics.fr,contact@mstp-travaux-publics.fr
Entreprise du bâtiment à Agde,https://www.b2construction.fr/,BTP,contact@b2construction.fr,contact@b2construction.fr
Contactez Chrono Clés à Saint-Aunès,https://www.chrono-cles.fr/contact,Formation,contact@chrono-cles.fr,contact@chrono-cles.fr
Formation professionnelle à Alès : contactez Astuce Formation,https://www.astuceformation.fr/contact,Formation,quatra.charlene@gmail.com,quatra.charlene@gmail.com
Pose de stores et pergolas à Restinclières | Totale Fermeture,https://www.totale-fermeture.fr/pergolas-et-stores,Inconnu,contact@totale-fermeture.fr,contact@totale-fermeture.fr
Nos desserts aux alentours de Montpellier Tartes et glaces de qualité,https://www.restaurant-divin-papilles.fr/les-desserts,Inconnu,,
Entreprise de plomberie près de Caissargues – Demandez un devis,https://www.ek-plomberie.fr/,BTP,contact@ek-plomberie.fr,contact@ek-plomberie.fr
Contactez Salsa & Co à Marsillargues,https://www.salsa-co.fr/contact,Inconnu,contact@salsa-co.fr,contact@salsa-co.fr
Les partenaires de TechniLoisir à Saint-Nazaire-de-Pézan,https://www.techniloisir.fr/partenaires,Inconnu,contact@techniloisir.fr,contact@techniloisir.fr
Parqueteurs près de Lunel | Demandez un devis rapide,https://www.tboservices.fr/pose-de-parquets,Inconnu,contact@tboservices.fr,contact@tboservices.fr
Magasin de déstockage à Calvisson,https://www.destock-depot.fr/,Commerce,contact@destock-depot.fr,contact@destock-depot.fr
"Cécile Morel, artiste à Marseille",https://www.galerie-charivari.fr/cecile-morel,Inconnu,contact@galerie-charivari.fr,contact@galerie-charivari.fr
Soins maroquinerie artisanal à Juvignac,https://www.legarageacuir.com/soins-maroquinerie,BTP,contact@legarageacuir.com,contact@legarageacuir.com
Fabricant de meubles et ferronnier à Saint-Georges-d'Orques,https://www.adf-industriel.fr/,Inconnu,,
Métallier à Montarnaud à proximité de Gignac,https://www.metalk-co.fr/metallerie,Inconnu,,
Entreprise multiservices  près de Gignac,https://www.dn-btp.fr/,BTP,contact@dn-btp.fr,contact@dn-btp.fr
Peinture | Dahon à Lavérune,https://www.dahon-decoration-peinture-34.fr/peinture,Loisir,contact@dahon-decoration-peinture-34.fr,contact@dahon-decoration-peinture-34.fr
Expertise en climatisation à Teyran,https://www.atout-jo.fr/climatisation,BTP,,
Coiffeuse coloriste à Juvignac | Appelez-nous maintenant,https://www.institut-the-beauty-show.fr/coiffure,Inconnu,thebeautyshow34@gmail.com,thebeautyshow34@gmail.com
Architectes d’intérieur à Montpellier| Réalisez vos projets déco,https://www.lo-esign-architecte.fr/,Inconnu,contact@lo-esign-architecte.fr,contact@lo-esign-architecte.fr
Locations à Comme à la Maison 34 - Juvignac | Réservez dès maintenant,https://www.commealamaison-34.fr/locations,Immobilier,contact@commealamaison-34.fr,contact@commealamaison-34.fr; commealamaison34@yahoo.fr
Façadiers et peintres à Saint-Georges-d'Orques près de la Lozère,https://www.isotech-herault.fr/,BTP,,
Entretien de jardin près de Montpellier | Contactez-nous,https://www.paysagiste-entretien-creation.fr/entretien-de-jardin,Inconnu,contact@paysagiste-entretien-creation.fr,contact@paysagiste-entretien-creation.fr
Esthéticienne à Juvignac | Posez-nous vos questions,https://www.institut-the-beauty-show.fr/estheticienne,Inconnu,thebeautyshow34@gmail.com,thebeautyshow34@gmail.com
Les réalisations de Metalk & Co à Montarnaud près de Montpellier,https://www.metalk-co.fr/realisations,Inconnu,,
Électriciens à Saint-André-de-Sangonis – Contactez-nous,https://www.ide-elec-neuf-renovation.fr/,BTP,contact@ide-elec-neuf-renovation.fr,contact@ide-elec-neuf-renovation.fr
Spécialiste de nettoyage automobile à Castelnau-le-Lez,https://www.sud-auto-clean.fr/,BTP,,
Boutique de fleurs | Au Coeur des Fleurs à Fabrègue,https://www.aucoeurdesfleurs-34.fr/,Commerce,,
Entreprise de désinsectisation à Milhaud,https://www.gkmanuisibles30.fr/,Inconnu,contact@gkmanuisibles30.fr,contact@gkmanuisibles30.fr
Massage visage à Montpellier,https://www.terres-de-lumiere.fr/massage-visage,Bien-être,contact@terres-de-lumiere.fr,terresdelumiere@gmail.com; contact@terres-de-lumiere.fr
Entreprise de nettoyage de véhicules à Montferrier-sur-Lez,https://www.prosud-auto-34.fr/,Inconnu,contact@prosud-auto-34.fr,contact@prosud-auto-34.fr
Masseuse à Saint-Gély-du-Fesc – Contactez-moi,https://www.graindesable-massage.fr/,Bien-être,contact@graindesable-massage.fr,contact@graindesable-massage.fr
Organisateurs d'événements à Pignan – Montpellier,https://www.events-prestige.fr/,Inconnu,contact@events-prestige.fr,contact@events-prestige.fr
Coach sportif à Montpellier,https://www.weisun-sport-harmonie.com/weisun-sport-harmonie,Inconnu,contact@weisun-sport-harmonie.com,contact@weisun-sport-harmonie.com
Pose et entretien de vos systèmes de climatisation à Mauguio,https://www.climasur.fr/systemes-de-climatisation,BTP,contact@climasur.fr,contact@climasur.fr
préparateur mental à Montpellier,https://www.corentin-gogue-preparateurmental34.fr/,Inconnu,contact@corentin-gogue-preparateurmental34.fr,contact@corentin-gogue-preparateurmental34.fr
Entreprise de surveillance à Montpellier | Action Protec Sécurité,https://www.action-protection-securite.fr/,Inconnu,contact@action-protection-securite.fr,contact@action-protection-securite.fr
Restaurant italien à Lodève - Service de livraison rapide,https://www.little-italy-pizzeria.fr/,Transport,,
Prothésiste ongulaire à Juvignac | Réservez votre soin,https://www.institut-the-beauty-show.fr/prothesiste-ongulaire,Inconnu,thebeautyshow34@gmail.com,thebeautyshow34@gmail.com
Photographe de pièce d'identité et de reportage à Montpellier,https://www.jotheo-photo.fr/mes-realisations,Inconnu,contact@jotheo-photo.fr,contact@jotheo-photo.fr
Esthéticienne à domicile à Saint-Félix-de-Lodez - Sur rendez-vous !,https://www.linstitut-a-domicile-montpellier.fr/,Bien-être,,
Pose de climatisation et services de petite plomberie à Teyran,https://www.atout-jo.fr/,BTP,,
Nettoyage de locaux professionnels à Montpellier,https://www.ecoclean-montpellier.fr/professionnels,Inconnu,contact@ecoclean-montpellier.fr,contact@ecoclean-montpellier.fr
Comme à la Maison 34 à Juvignac | Services sur mesure,https://www.commealamaison-34.fr/entreprises,Inconnu,contact@commealamaison-34.fr,contact@commealamaison-34.fr; commealamaison34@yahoo.fr
Peintres à Salinelles  - A proximité de Nîmes,https://www.mahiques-artisan-peintre.fr/,BTP,,
Contactez-moi à Mauguio-Carnon,https://www.alsan-training.fr/contact,Inconnu,contact@alsan-training.fr,contact@alsan-training.fr
Verrières sur mesure à Gallargues-le-Montueux,https://www.metal-maker.fr/verrieres,Inconnu,,
Magasin multiservices à Saint-Aunès,https://www.chrono-cles.fr/,Commerce,contact@chrono-cles.fr,contact@chrono-cles.fr
Les alentours de Castries avec IL ROMANTICO dans l'Hérault,https://www.il-romantico-34.com/autour-de-castries,Restauration,contact@il-romantico-34.com,contact@il-romantico-34.com
Peintre à Vendargues | Bénéficiez d’un devis offert,https://www.rayanfacades.fr/peinture,Loisir,rayan199034@gmail.com,rayan199034@gmail.com
Thérapeute à Vendargues,https://www.drainalia-nutrition.fr/,Inconnu,contact@drainalia-nutrition.fr,contact@drainalia-nutrition.fr
Pizzeria Del Sogno : le menu de notre pizzeria près de Vendargues,https://www.pizzeria-del-sogno.fr/pizzeria,Restauration,contact@pizzeria-del-sogno.fr,contact@pizzeria-del-sogno.fr
PRESSOTHERAPIE PRÈS DE VENDARGUES,https://www.soinsdeclat.fr/pressotherapie-2,Inconnu,contact@soinsdeclat.fr,contact@soinsdeclat.fr
Menuiserie sur mesure à Claret - Transformez votre intérieur,https://www.bat-services-menuiseries.fr/menuiserie-interieure,BTP,contact@bat-services-menuiseries.fr,contact@bat-services-menuiseries.fr
Déontologie à Vendargues,https://www.sandrineb-coachpsy-34.fr/deontologie,Inconnu,contact@sandrineb-coachpsy-34.fr,contact@sandrineb-coachpsy-34.fr
Retrouvez vos photos dans l'Hérault,https://www.photobox-events.fr/mes-photos,Immobilier,contact@photobox-events.fr,contact@photobox-events.fr
Façadier à Montpellier | Demandez votre devis dès maintenant,https://www.rayanfacades.fr/,BTP,rayan199034@gmail.com,rayan199034@gmail.com
Séance d'épilation à Vendargues et Baillargues,https://www.la-beaute-des-reines.fr/les-epilations,Inconnu,contact@la-beaute-des-reines.fr,contact@la-beaute-des-reines.fr
Ma chambre d'hôtes avec spa privatif à Vendargues,https://www.nicozenhome.fr/chambre-avec-jacuzzi,Bien-être,contact@nicozenhome.fr,contact@nicozenhome.fr
Soins anti-cellulite à Vendargues | Contactez-moi vite,https://www.drainalia-nutrition.fr/soins-anti-cellulite,Inconnu,contact@drainalia-nutrition.fr,contact@drainalia-nutrition.fr
Coaching pour enfants à Vendargues,https://www.sandrineb-coachpsy-34.fr/coaching-enfant-ado,Inconnu,contact@sandrineb-coachpsy-34.fr,contact@sandrineb-coachpsy-34.fr
Les formules de location de bornes photos à selfie à Vendargues,https://www.photobox-events.fr/formules-et-options,Immobilier,contact@photobox-events.fr,contact@photobox-events.fr
Rénovation extérieure à Baillargues | Appelez un expert,https://www.rayanfacades.fr/renovation,BTP,rayan199034@gmail.com,rayan199034@gmail.com
Dépannage 24 h/24 de serrures à Montpellier | Assistance rapide,https://www.cie-cordonnier.fr/depannage-24-h-24,BTP,contact@cie-cordonnier.fr,contact@cie-cordonnier.fr
Ostéopathe à Mauguio,https://www.osteo-mauguio.fr/,Santé,contact@osteo-mauguio.fr,contact@osteo-mauguio.fr
Artisan étancheur à Lunel-Viel | GGF Étanchéité,https://www.ggf-etancheite.fr/,BTP,contact@ggf-etancheite.fr,contact@ggf-etancheite.fr
Courtiers en assurance à Montpellier,https://www.glow-assurance.fr/,Finance,contact@glow-assurance.fr,contact@glow-assurance.fr
Les gratins de notre pizzeria à Montpellier,https://www.show-pizza.fr/gratins,Restauration,,
Aide à domicile à Castelnau-le-Lez | Contactez-moi,https://www.marika-34.fr/,Inconnu,menginmarika@gmail.com,menginmarika@gmail.com
Garage automobile à Mauguio | Planifiez votre rendez-vous,https://www.motors-carrosserie.fr/,Automobile,motorscarrosserie@gmail.com,motorscarrosserie@gmail.com
Vente en ligne de matériel HI-FI à Montpellier | L'Atelier de l'Audiophile,https://www.hifi-atelier-audiophile.fr/vente-en-ligne,Inconnu,contact@hifi-atelier-audiophile.fr,contact@hifi-atelier-audiophile.fr
Location de voitures via Turo | Réservez maintenant,https://www.anthotoloc-location-voiture.fr/location-de-voiture-via-turo,Immobilier,contact@anthotoloc-location-voiture.fr,contact@anthotoloc-location-voiture.fr
Contactez votre spécialiste en location de bornes photos à Vendargues,https://www.photobox-events.fr/contact,Immobilier,contact@photobox-events.fr,contact@photobox-events.fr
Débroussailleur à Lattes | N’hésitez pas à nous contacter,https://www.gefpalac.fr/,Inconnu,gefp34@gmail.com,gefp34@gmail.com
Travaux paysagers à Lunel et Lattes,https://www.borges-elagage.fr/,Bien-être,,
Vente de pièces détachées à Lattes,https://www.ice-motors.fr/nos-realisations,Inconnu,contact@ice-motors.fr,contact@ice-motors.fr
Couvreurs zingueurs près de lattes - Demandez un devis gratuit,https://www.md-toiture-34.fr/,Inconnu,contact@md-toiture-34.fr,contact@md-toiture-34.fr
Pose de solives et de fenêtres de toit à Champétières,https://www.sas-fournier.fr/solivage-fenetre-de-toit,Inconnu,entreprise.fournier@outlook.fr,entreprise.fournier@outlook.fr
Les réalisations de notre studio d'animation 3D à Lattes,https://www.thebeastmakers.fr/nos-realisations,Inconnu,contact@thebeastmakers.fr,christophe@thebeastmakers.com; tristan@thebeastmakers.com; remi@thebeastmakers.com; contact@thebeastmakers.fr
Construction de maisons personnalisées près de Lattes| Appelez-nous,https://www.services-pro-batiment.fr/construction-de-maisons,Inconnu,contact@services-pro-batiment.fr,contact@services-pro-batiment.fr
Restaurant pizzeria à Lattes – Réservez votre table !,https://www.pizzamargot-34.fr/,Restauration,contact@pizzamargot-34.fr,contact@pizzamargot-34.fr
Installation de système de climatisation à Lattes |contactez-nous,https://www.clim-plomberie-inov-energie.fr/installation,BTP,contact@clim-plomberie-inov-energie.fr,contact@clim-plomberie-inov-energie.fr
Pose de clôtures à Le Mesnil-Esnard,https://www.cgpaysage.fr/les-clotures,Inconnu,contact@cgpaysage.fr,contact@cgpaysage.fr
Rénovation en pierre à Lattes,https://www.action-cla.fr/renovation-et-creation,BTP,contact@action-cla.fr,contact@action-cla.fr
Maçonnerie générale près de Lattes| Demandez un devis,https://www.services-pro-batiment.fr/maconnerie-generale,BTP,contact@services-pro-batiment.fr,contact@services-pro-batiment.fr
Rigging et animation 3D pour vos personnages animés à Lattes,https://www.thebeastmakers.fr/rigging,Inconnu,contact@thebeastmakers.fr,christophe@thebeastmakers.com; tristan@thebeastmakers.com; remi@thebeastmakers.com; contact@thebeastmakers.fr
Boissons pour accompagner votre plat à Lattes,https://www.pizzamargot-34.fr/boissons,Inconnu,contact@pizzamargot-34.fr,contact@pizzamargot-34.fr
Centre de soins esthétiques à Lattes | Contactez-nous,https://www.beautebienetremaurin.fr/contact,Beauté,contact@beautebienetremaurin.fr,contact@beautebienetremaurin.fr
Les autres prestations de Borges Élagage à Lunel et Lattes,https://www.borges-elagage.fr/autres-prestations,Inconnu,,
Faites installer votre chauffe-eau à proximité de Latte,https://www.clim-plomberie-inov-energie.fr/chauffe-eau-et-chaudiere-a-gaz,BTP,contact@clim-plomberie-inov-energie.fr,contact@clim-plomberie-inov-energie.fr
Dalles en béton près de Lattes| Réalisez vos projets,https://www.services-pro-batiment.fr/dalles-en-beton,Inconnu,contact@services-pro-batiment.fr,contact@services-pro-batiment.fr
Dépannage et entretien de climatisation à Lattes |contactez-nous,https://www.clim-plomberie-inov-energie.fr/depannage-entretien,BTP,contact@clim-plomberie-inov-energie.fr,contact@clim-plomberie-inov-energie.fr
Décorateurs expérimentés à Pont-Péan – Demandez votre devis !,https://www.fvpeinture.fr/decoration,Bien-être,contact@fvpeinture.fr,fv.peinture@outlook.fr; contact@fvpeinture.fr
Installation et réparation de tableaux électriques près de Lattes,https://www.orejuela-electricite-34.fr/tableaux-electriques,Inconnu,contact@orejuela-electricite-34.fr,contact@orejuela-electricite-34.fr
Soliers-moquettistes à Montbazin,https://www.technic-sol-carrelage.fr/,Inconnu,technic-sol@orange.fr,technic-sol@orange.fr
Cours sportif en salle à Montpellier | Me contacter,https://www.charroncoaching.fr/cours-en-salle,Formation,contact@charroncoaching.fr,contact@charroncoaching.fr
Origine des produits de Denifenity à Nîmes,https://www.denifitiny.fr/origine-des-produits,BTP,contact@denifitiny.fr,contact@denifitiny.fr
Contactez ARC ENERGY France à Montpellier et Béziers,https://www.arcenergy.fr/contact,Inconnu,contact@arcenergy.fr,contact@arcenergy.fr
Travaux de rénovation intérieure à Aigues-Mortes et Arles,https://www.bati-et-renove.fr/renovation-interieure,BTP,,
Salon de thé à Montpellier,https://www.sweetea-patisserie.fr/les-cafes-et-les-chocolats,Bien-être,contact@sweetea-patisserie.fr,contact@sweetea-patisserie.fr
Création de clôtures à Pornic,https://www.beatitude-jardins.fr/cloture,Bien-être,contact@refpro.fr,beatitudejardins@gmail.com; contact@refpro.fr
Travaux de maçonnerie générale et de rénovation à Montpellier,https://www.hkm-construction.fr/hkm-construction,BTP,contact@hkm-construction.fr,contact@hkm-construction.fr
Des questions des services de La Diligence d'Alex vers Nîmes,https://www.ladiligencedalex.com/faq,Transport,contact@ladiligencedalex.com,contact@ladiligencedalex.com
Paysagistes à Nîmes – Demandez votre devis,https://www.concept-piscines-lagon.fr/amenagement-exterieur,Bien-être,contact@concept-piscines-lagon.fr,contact@concept-piscines-lagon.fr
Livraison express près de Nîmes | Confiez-nous votre projet,https://www.ltransporte.fr/transport-express,Transport,contact@ltransporte.fr,contact@ltransporte.fr
Restaurant méditerranéen à Nîmes – Contactez-nous,https://www.restaurant-menna.fr/,Restauration,contact@restaurant-menna.fr,contact@restaurant-menna.fr
Travaux de ferronnerie près de Nîmes | Devis gratuit,https://www.ms-art-design.fr/ferronnerie,Inconnu,contact@ms-art-design.fr,contact@ms-art-design.fr
Restaurant oriental à Nîmes – Sur place ou à emporter !,https://www.lorientalgrill.fr/,Restauration,contact@lorientalgrill.fr,contact@lorientalgrill.fr
Contactez notre épicierie à Nîmes,https://www.mon-petit-magasin-gardois.fr/contact,Commerce,contact@mon-petit-magasin-gardois.fr,contact@mon-petit-magasin-gardois.fr
Entreprise de nettoyage près de Rodilhan et de Nîmes,https://www.sr-nettoyage-gard.fr/,Inconnu,contact@sr-nettoyage-gard.fr,contact@sr-nettoyage-gard.fr
Entreprise de rénovation à Nîmes,https://www.couverturedcm.fr/,BTP,contact@couverturedcm.fr,contact@couverturedcm.fr
Vente de boissons softs à Nîmes,https://www.authentique-mignon.com/boissons,Inconnu,contact@authentique-mignon.com,contact@authentique-mignon.com
Entreprise de rénovation à Nîmes | Prenez rendez-vous,https://www.liviu-renov-chrono.fr/galerie,BTP,contact@liviu-renov-chrono.fr,contact@liviu-renov-chrono.fr
Maçonnerie général et gros œ️uvre à Nîmes - Mota Bâtiment,https://www.mota-batiment.fr/,BTP,contact@mota-batiment.fr,contact@mota-batiment.fr
Mentions Légales - MON PETIT MAGASIN GARDOIS,https://www.mon-petit-magasin-gardois.fr/mentions-legales,Commerce,contact@mon-petit-magasin-gardois.fr,contact@mon-petit-magasin-gardois.fr
Voiries et réseaux divers à Nîmes,https://www.jpatp-terrassement.fr/vrd,Inconnu,contact@jpatp-terrassement.fr,contact@jpatp-terrassement.fr
Installation et entretien de climatisation à Nîmes,https://www.pegdusud.fr/climatisation,BTP,contact@pegdusud.fr,contact@pegdusud.fr
Les réalisations de PJP30 à Nîmes,https://www.pjp30.fr/nos-realisations,BTP,contact@pjp30.fr,contact@pjp30.fr
Aménagement intérieur et travaux de rénovation - Nîmes,https://www.mcn-renovation.fr/,BTP,contact@mcn-renovation.fr,contact@mcn-renovation.fr
Entreprise de plomberie près de Nîmes,https://www.bournel-fuite-eau.fr/recherche-de-fuite,BTP,bournel.fe@gmail.com,bournel.fe@gmail.com
Installation de filets de protection à Nîmes,https://www.filets-securite.fr/la-refection,Inconnu,languedoc@filets-securite.fr,languedoc@filets-securite.fr
Vente et réparation de véhicules électriques à Nîmes | Contact,https://www.kblrepairstore.fr/contact,Inconnu,contact@kblrepairstore.fr,contact@kblrepairstore.fr
Marquage et flocage véhicules - Demandez votre devis,https://www.start-publicite.fr/marquages-tous-vehicules,Inconnu,contact@start-publicite.fr,contact@start-publicite.fr
Plaquistes près de Nîmes | Confiez-nous vos tavaux,https://www.sarl-darte.fr/plaquiste,Inconnu,contact@sarl-darte.fr,contact@sarl-darte.fr
Contactez-nous pour en savoir plus sur nos bijoux près de Nîmes,https://www.les-pepitesdeval-et-fred.fr/contact,Inconnu,,
Soins carrosserie à Nîmes | Demandez votre devis,https://www.energy-car-wash-nimes.fr/soins-carrosserie,Automobile,samuelenergycarwash@outlook.fr,samuelenergycarwash@outlook.fr
Travaux d’électricité à Nîmes | Demandez un devis personnalisé,https://www.bricojoseph.fr/electricite,BTP,contact@bricojoseph.fr,contact@bricojoseph.fr
Agence de gestion administrative à Nîmes | Prenez rendez-vous,https://www.lovzysoft.fr/,Inconnu,contact@lovzysoft.fr,contact@lovzysoft.fr
Radiofréquence proche de Nîmes | Réservez une séance,https://www.lasederma.fr/radiofrequence-fractionnee-2,Inconnu,lasederma@gmail.com,lasederma@gmail.com
Vente et montage de pneus neufs à Nîmes – Contactez-nous,https://www.ycb-auto.fr/pneus-neufs,Inconnu,contact@ycb-auto.fr,contact@ycb-auto.fr
Imprimerie à Nîmes - Demandez votre devis en ligne,https://www.start-publicite.fr/cartes-de-visite-flyers,Inconnu,contact@start-publicite.fr,contact@start-publicite.fr
Découvrez les avis des clients de nos établissements indiens à Nîmes.,https://www.ganesh-nimes.fr/avis,Restauration,,
Plaquiste et jointeur à Lédenon,https://www.veg-plaquiste.fr/,BTP,contact@veg-plaquiste.fr,contact@veg-plaquiste.fr
Contactez NemauziK à Nîmes,https://www.nemauzik.fr/contact,Loisir,contact@nemauzik.fr,contact@nemauzik.fr
Contactez H.M.I Transport à Nîmes pour vos livraisons rapides,https://www.hmi-transport.fr/contact,Santé,contact@hmi-transport.fr,contact@hmi-transport.fr
Les clients de notre entreprise de protection contre l'incendie à Nîmes,https://www.vesta-prevention-incendie.fr/ils-nous-font-confiance,Inconnu,contact@vpi-sud.fr,contact@vpi-sud.fr
Événements à Nîmes - Toilettage et garde d'animaux de compagnie,https://www.leschouchousdesevy.fr/evenements,Animaux,contact@leschouchousdesevy.fr,contact@leschouchousdesevy.fr
"Travaux de façade, de couverture et de toitures à Nîmes",https://www.artdelporte-toiture.fr/facades-delporte,BTP,contact@artdelporte-toiture.fr,contact@artdelporte-toiture.fr
Installation & entretien de climatisation à Nîmes,https://www.geynelec.fr/climatisation-et-entretien,BTP,contact@geynelec.com,geynelec@gmail.com; contact@geynelec.com
Contact Lilly Mars à Nîmes : réservez vos dates,https://www.lillymars.fr/contact,Bien-être,lillymars30@outlook.fr,lillymars30@outlook.fr
"Contactez Muse de Coton à Calvisson, Nîmes et Alès",https://www.musedecoton.fr/contact,Formation,contact@musedecoton.fr,contact@musedecoton.fr
Restaurant traditionnel et pizzeria à Calvisson et Codognan,https://www.da-massimo.fr/,Restauration,contact@da-massimo.fr,contact@da-massimo.fr
Contactez notre bar à tapas chaleureux à Calvisson,https://www.barlideehalles.fr/contact,Inconnu,contact@barlideehalles.fr,contact@barlideehalles.fr
Prothésiste ongulaire et ciliaire à Calvisson | Contactez-moi,https://www.wonder-beautys-onglerie.fr/,Inconnu,contact@wonder-beautys-onglerie.fr,contact@wonder-beautys-onglerie.fr
Traiteurs paella évènementiels et chefs privés à Calvisson,https://www.lolo-paello.fr/,Transport,contact@lolo-paello.fr,contact@lolo-paello.fr
Entreprise multiservices à Nîmes | Laissez vos messages,https://www.bricojoseph.fr/,Loisir,contact@bricojoseph.fr,contact@bricojoseph.fr
Travaux de carrosserie à Bernis près de Calvisson– Contactez-nous,https://www.carrosserie-trintignac.fr/carrosserie,Automobile,contact@carrosserie-trintignac.fr,contact@carrosserietrintignac.fr; contact@carrosserie-trintignac.fr
"Boutique de création à Calvisson, Alès et Nîmes",https://www.musedecoton.fr/,Commerce,contact@musedecoton.fr,contact@musedecoton.fr
Nos parfums naturels disponibles à Nîmes,https://www.herboristerie-st-paul.fr/parfums,Inconnu,contact@herboristerie-st-paul.fr,herboristeriesaintpaul@yahoo.com; contact@herboristerie-st-paul.fr
Entreprise d'agencement à Souvignargues,https://www.7-concept.fr/,Inconnu,contact@7-concept.fr,contact@7-concept.fr
Plombiers chauffagiste à Caveirac,https://www.bg-energie-30.fr/,BTP,contact@bg-energie-30.fr,contact@bg-energie-30.fr
Travaux d'aménagement intérieur et extérieur à Nîmes,https://www.nimbat.fr/,Inconnu,,
Pneus à Nîmes | Destock Pneu 30,https://www.destock-pneus-30.fr/,Automobile,contact@destock-pneus-30.fr,contact@destock-pneus-30.fr
Centre de médecine esthétique à Vergèze | Réservez,https://www.lasederma.fr/,Santé,lasederma@gmail.com,lasederma@gmail.com
Pizzas à Calvisson – Savourez !,https://www.da-massimo.fr/nos-pizzas,Restauration,contact@da-massimo.fr,contact@da-massimo.fr
Entretien d'espaces verts à Calvisson - Service rapide,https://www.multiservices-lafont.fr/espaces-verts,Bien-être,contact@multiservices-lafont.fr,contact@multiservices-lafont.fr
Extension de cils à Calvisson | Réservez vos séances aujourd’hui,https://www.wonder-beautys-onglerie.fr/cils,Inconnu,contact@wonder-beautys-onglerie.fr,contact@wonder-beautys-onglerie.fr
Nos plantes disponibles dans notre herboristerie à Nîmes,https://www.herboristerie-st-paul.fr/plantes-herboristerie,Inconnu,contact@herboristerie-st-paul.fr,herboristeriesaintpaul@yahoo.com; contact@herboristerie-st-paul.fr
Vente d'électroménagers à Calvisson,https://www.destock-depot.fr/electromenager,Inconnu,contact@destock-depot.fr,contact@destock-depot.fr
Vente de vêtements sportifs en gros et au détail à Boisset-et-Gaujac,https://www.floctex-distribution.fr/,Commerce,contact@floctex-distribution.fr,contact@floctex-distribution.fr
Travaux de revêtement à Nîmes,https://www.antho-carreaux.fr/,Inconnu,contact@antho-carreaux.fr,contact@antho-carreaux.fr
Entreprise de climatisation à Aigues-Mortes,https://www.clom-climatisation.fr/,BTP,contact@clom-climatisation.fr,contact@clom-climatisation.fr
Transport scolaire proche de Calvisson | Laissez un message,https://www.id-taxi-services.fr/transport-scolaire,Transport,id.taxiservices1@gmail.com,id.taxiservices1@gmail.com
Boissons locales à Vauvert | Découvrez notre sélection,https://www.restaurant-loiseau-brunch.fr/boissons-locales,Restauration,loiseaubrunch@gmail.com,loiseaubrunch@gmail.com
Location de bennes à Lunel-Viel et Mauguio,https://www.sas-goudal.fr/location,Immobilier,contact@sas-goudal.fr,contact@sas-goudal.fr
Taxi à Clarensac│ Planifiez vos trajets en toute confiance,https://www.id-taxi-services.fr/,Transport,id.taxiservices1@gmail.com,id.taxiservices1@gmail.com
Spécialiste en caoutchouc et PVC industriel à Marguerittes,https://www.techniquecaoutchouc.fr/,Transport,techniquecaoutchouc30@gmail.com,techniquecaoutchouc30@gmail.com
Garagistes à Marguerittes – Appelez des professionnels,https://www.auto-tec-services.com/entretien-revision,Inconnu,contact@auto-tec-services.com,contact@auto-tec-services.com
Création de terrasses en bois sur mesure à Marguerittes,https://www.jo-multiservices.fr/creation-de-terrasse-en-bois,Inconnu,contact@jo-multiservices.fr,contact@jo-multiservices.fr
Dépannage de plomberie proche de Marguerittes – Appelez nous,https://www.ek-plomberie.fr/depannage,Inconnu,contact@ek-plomberie.fr,contact@ek-plomberie.fr
Contactez notre centre de beauté à Marguerittes,https://www.studio25gard.fr/contact,Formation,contact@studio25gard.fr,contact@studio25gard.fr
"Zinguerie, couverture et charpente à Garrigues-Sainte-Eulalie",https://www.couvreur-pad-zinguerie.fr/,BTP,contact@couvreur-pad-zinguerie.fr,contact@couvreur-pad-zinguerie.fr
Élevage de chèvres et production de fromages à Cabrières,https://www.chevrerie-des-garrigues.fr/,Animaux,,
Les Arts de Pierre dans le Gard,https://www.lesartsdepierre-30.fr/,Inconnu,contact@lesartsdepierre-30.fr,contact@lesartsdepierre.fr; lesartsdepierre@orange.fr; contact@lesartsdepierre-30.fr
Nos plateaux de fromages à Cabrières – Passez votre commande,https://www.chevrerie-des-garrigues.fr/nos-plateaux-de-fromages,Inconnu,,
Vente de pierres décoratives à Sernhac,https://www.gravillons.fr/,Inconnu,contact@gravillons.fr,contact@gravillons.fr
Traiteur à domicile à Aujargues,https://www.la-cuisine-de-manon.fr/,Transport,contact@la-cuisine-de-manon.fr,contact@la-cuisine-de-manon.fr
Services du nettoyage de tissus à Brignoles. Contactez-nous,https://www.ms-clean.fr/textile,Inconnu,contact@ms-clean.fr,contact@ms-clean.fr
Contactez-moi pour la détection de réseaux à Arles,https://www.occitanie-detection-reseaux.fr/contact,Inconnu,occitanie.detection34@gmail.com,occitanie.detection34@gmail.com
Marbrier et tailleur de pierres à Roquemaure,https://www.atelier-de-la-saumiere.fr/,Inconnu,contact@atelier-de-la-saumiere.fr,contact@atelier-de-la-saumiere.fr
Les points de vente de votre producteur d'huitres à Oléron,https://www.lalumineuse-sarl.com/points-de-vente,Inconnu,contact@lalumineuse-sarl.com,contact@lalumineuse-sarl.com
Réalisation complète de salle de bain à Sommières,https://www.tmg-napolitano-construction.fr/salle-de-bains,BTP,contact@tmg-napolitano-construction.fr,contact@tmg-napolitano-construction.fr
Services d'impression à Montpellier,https://www.topiia-design.fr/,Inconnu,,
Listes et prix des produits à Borne,https://www.degriff-clean43.fr/listes-et-prix-des-produits,Inconnu,contact@degriff-clean43.fr,contact@degriff-clean43.fr
Terrassiers à Lunel-Viel et Mauguio | Hérault,https://www.sas-goudal.fr/,Immobilier,contact@sas-goudal.fr,contact@sas-goudal.fr
Charpentier et menuisier à Vauvert,https://www.rmb-creation.fr/,Restauration,contact@rmb-creation.fr,contact@rmb-creation.fr
Serrurier à Vauvert,https://www.serrurier-depannage-gard.fr/,BTP,contact@serrurier-depannage-gard.fr,contact@serrurier-depannage-gard.fr
Menuiserie pvc et aluminium à Restinclières | Totale Fermeture,https://www.totale-fermeture.fr/menuiserie-pvc-et-aluminium,BTP,contact@totale-fermeture.fr,contact@totale-fermeture.fr
Confiez-moi vos travaux d'aménagement à Vauvert,https://www.rmb-creation.fr/amenagement-interieur-et-exterieur,Bien-être,contact@rmb-creation.fr,contact@rmb-creation.fr
Électriciens à Vauvert – Installation – Rénovation – Domotique,https://www.segep-30.fr/,BTP,contact@segep-30.fr,contact@segep-30.fr
Entreprise de carrelage à Fourques et Arles – Demandez votre devis !,https://www.perez-carrelage.fr/,Inconnu,contact@perez-carrelage.fr,contact@perez-carrelage.fr
Construction en pierre massive à Vauvert,https://www.ms-maconnerie-generale.fr/pose-de-pierre-massive,BTP,contact@ms-maconnerie-generale.fr,contact@ms-maconnerie-generale.fr
Traiteurs à domicile à Vauvert,https://www.paquito-traiteur-a-domicile.fr/traiteurs-a-domicile,Restauration,contact@paquito-traiteur-a-domicile.fr,contact@paquito-traiteur-a-domicile.fr
Location de remorques frigorifiques à Vauvert,https://www.paquito-traiteur-a-domicile.fr/location-de-remorques-frigorifiques,Immobilier,contact@paquito-traiteur-a-domicile.fr,contact@paquito-traiteur-a-domicile.fr
Des promenades à cheval d'une à Vauvert,https://www.la-cabane-du-daladel.fr/la-promenade-1h,Inconnu,contact@la-cabane-du-daladel.fr,contact@la-cabane-du-daladel.fr
Création sur mesure de terrasses en bois à Vauvert,https://www.rmb-creation.fr/terrasses-en-bois,Inconnu,contact@rmb-creation.fr,contact@rmb-creation.fr
Élagage et abattage d’arbres près de Vauvert | Contactez-nous,https://www.darancy-paysagiste.fr/elagage,Inconnu,contact@darancy-paysagiste.fr,contact@darancy-paysagiste.fr
Domotique à Vauvert - Solutions intelligentes pour votre maison,https://www.segep-30.fr/domotique,Inconnu,contact@segep-30.fr,contact@segep-30.fr
Travaux de second œ️uvre à Vauvert,https://www.ms-maconnerie-generale.fr/maconnerie-sous-oeuvre-second-oeuvre,BTP,contact@ms-maconnerie-generale.fr,contact@ms-maconnerie-generale.fr
Prestations culinaires pour apéritifs dînatoires à Vauvert,https://www.paquito-traiteur-a-domicile.fr/prestation-dinatoire,Restauration,contact@paquito-traiteur-a-domicile.fr,contact@paquito-traiteur-a-domicile.fr
Installation de pompe à chaleur à Vauvert - SEGEP,https://www.segep-30.fr/pompe-a-chaleur,BTP,contact@segep-30.fr,contact@segep-30.fr
Travaux d'agencement pour les professionnels et les particuliers à Nîmes,https://www.nimbat.fr/agencement-pour-professionnels-et-particuliers,BTP,,
Entreprise du bâtiment à Manduel | Demandez une intervention,https://www.samorinha-maconnerie.fr/,BTP,samorinha.construction@gmail.com,samorinha.construction@gmail.com
Rénovation électrique à Manduel | Intervention clé en main,https://www.fricon-elec-clim.fr/renovation,BTP,contact@fricon-elec-clim.fr,contact@fricon-elec-clim.fr
Exploitation agricole à Saint Gilles | Marc Linsolas,https://www.marclinsolas.fr/,Transport,contact@marclinsolas.fr,contact@marclinsolas.fr
Travaux de maçonnerie près d'Uzès,https://www.couverturedcm.fr/maconnerie,BTP,contact@couverturedcm.fr,contact@couverturedcm.fr
Société de menuiserie à Lézan - Devis gratuit,https://www.nbc-nature-bois-construction.fr/,BTP,contact@nbc-nature-bois-construction.fr,contact@nbc-nature-bois-construction.fr
Votre réparateur de téléphones à Nîmes,https://www.repair-nimes.fr/,Inconnu,contact@repair-nimes.fr,ottman30@icloud.com; repairnimes@gmail.com; contact@repair-nimes.fr
Entreprise de terrassement à Marguerittes – Entretien de jardins,https://www.jo-multiservices.fr/,Inconnu,contact@jo-multiservices.fr,contact@jo-multiservices.fr
Magasin de vêtements à Bellegarde,https://www.les-boubeuzs.fr/,Commerce,contact@les-boubeuzs.fr,contact@les-boubeuzs.fr
Travaux paysagers à Jonquières-Saint-Vincent,https://www.mazoyer-espaces-verts.fr/mazoyer-espces-verts,Bien-être,contact@mazoyer-espaces-verts.fr,contact@mazoyer-espaces-verts.fr
Spécialistes de la décoration intérieure près de Nîmes,https://www.sarl-darte.fr/decoration-d-interieur,Beauté,contact@sarl-darte.fr,contact@sarl-darte.fr
Gravage de vitres à Nîmes │ Contactez-nous aujourd’hui,https://www.energy-car-wash-nimes.fr/gravage-de-vitres,BTP,samuelenergycarwash@outlook.fr,samuelenergycarwash@outlook.fr
Pose de panneaux photovoltaïques à Nîmes | PEG du SUD,https://www.pegdusud.fr/solaire-et-batterie,Inconnu,contact@pegdusud.fr,contact@pegdusud.fr
Aide à la création d’entreprise à Nîmes | Obtenez un devis,https://www.lovzysoft.fr/creation-d-entreprise,Inconnu,contact@lovzysoft.fr,contact@lovzysoft.fr
Les réalisations de JPATP terrassement,https://www.jpatp-terrassement.fr/nos-realisations,Inconnu,contact@jpatp-terrassement.fr,contact@jpatp-terrassement.fr
Contactez L'Oriental Grill à Nîmes,https://www.lorientalgrill.fr/contact,Formation,contact@lorientalgrill.fr,contact@lorientalgrill.fr
Création et pose de mobilier près de Nîmes | Appelez-moi,https://www.ms-art-design.fr/mobilier,Inconnu,contact@ms-art-design.fr,contact@ms-art-design.fr
"MCN Rénovation, spécialiste en pose de béton ciré à Nîmes",https://www.mcn-renovation.fr/contact,BTP,contact@mcn-renovation.fr,contact@mcn-renovation.fr
Radiofréquence fractionnée du corps près de Nîmes,https://www.lasederma.fr/radiofrequence-fractionnee,Inconnu,lasederma@gmail.com,lasederma@gmail.com
Débouchage rapide de canalisations près de Nîmes et Arles,https://www.mp-debouchage-express.fr/debouchage,Inconnu,mpdebouchage@gmail.com,mpdebouchage@gmail.com
Livraison de commandes pour particuliers et professionnels à Nîmes,https://www.mon-petit-magasin-gardois.fr/nos-services,Commerce,contact@mon-petit-magasin-gardois.fr,contact@mon-petit-magasin-gardois.fr
Travaux de second œuvre près de Nîmes | Demandez votre devis,https://www.sg-renov-charpente-couverture.fr/second-oeuvre,BTP,contact@sg-renov-charpente-couverture.fr,contact@sg-renov-charpente-couverture.fr
Véhicules électriques deux roues à Nîmes | Vente et réparation,https://www.kblrepairstore.fr/,Commerce,contact@kblrepairstore.fr,contact@kblrepairstore.fr
Privatisation pour les entreprises à Nîmes,https://www.torotruck.com/privatisation,Inconnu,torotruck@outlook.com,torotruck@outlook.com
Les promotions du moment d'Asia'n Shop à Nîmes,https://www.asianshop-30.com/promotion-du-moment,Inconnu,contact@asianshop-30.com,contact@asianshop-30.com
Commandez votre soin au lait d'ânesse en ligne – Anessence (30) !,https://www.anessence.fr/,Transport,johnbellec1969@gmail.com,johnbellec1969@gmail.com
Espace de recrutement à Nîmes – Contactez-nous,https://www.viking-barber.com/espace-recrutement,Beauté,contact@viking-barber.com,contact@viking-barber.com
Auto École Jean Jaurès à Nîmes,https://www.autoecole-nimes-jeanjaures.fr/contact,Formation,contact@autoecole-nimes-jeanjaures.fr,auto-ecoleabc@orange.fr; diateur@mediateur-mobilians.fr; contact@autoecole-nimes-jeanjaures.fr
Mécanicien à domicile à Nîmes,https://www.mt-racing.fr/contact,Formation,contact@mt-racing.fr,contact@mt-racing.fr
Partenaires et références : Balland Traiteur à Nîmes,https://www.balland-traiteur.fr/partenaires-references,Restauration,contact@balland-traiteur.fr,contact@balland-traiteur.fr
Service pneumatique à Nîmes – Demandez votre devis,https://www.technic-pneu.fr/reparations-montage-et-equilibrage,Inconnu,,
Psychologue à Nîmes,https://www.lovisascampini-psychologue.fr/psychologue-psychiatre-psychanalyste-psychotherapeute,Inconnu,contact@lovisascampini-psychologue.fr,sandrine.lovisa@yahoo.fr; contact@lovisascampini-psychologue.fr
"Vente de panneaux, d'onduleurs et de batteries à Nîmes",https://www.moep.fr/vente-de-panneaux-d-onduleurs-et-de-batteries,Inconnu,contact@moep.fr,contact@moep.fr
Restaurant et épicerie spécialisés dans la cuisine indienne à Nîmes.,https://www.ganesh-nimes.fr/,Restauration,,
Travaux d’aménagement à Nîmes | Demandez un devis détaillé,https://www.bricojoseph.fr/amenagement-de-salle-de-bains-cuisine,Inconnu,contact@bricojoseph.fr,contact@bricojoseph.fr
Travaux de peinture à Nîmes – Faites-nous part de votre projet,https://www.pjp30.fr/peinture,Loisir,contact@pjp30.fr,contact@pjp30.fr
Terrassier près de Nîmes | Demandez votre devis détaillé,https://www.samorinha-maconnerie.fr/terrassement-et-vrd,BTP,samorinha.construction@gmail.com,samorinha.construction@gmail.com
CORSAIRE TELECOM : installation et maintenance de réseaux à Nîmes,https://www.corsaire-telecom.fr/,Inconnu,contact@corsaire-telecom.fr,contact@corsaire-telecom.fr
La galerie de l'entreprise D'Arte aux alentours de Nîmes,https://www.sarl-darte.fr/galerie-photos,BTP,contact@sarl-darte.fr,contact@sarl-darte.fr
Assistants administratifs à Nîmes | Contactez-nous,https://www.lovzysoft.fr/contact,Inconnu,contact@lovzysoft.fr,contact@lovzysoft.fr
Contactez JPATP terrassement,https://www.jpatp-terrassement.fr/contact,Inconnu,contact@jpatp-terrassement.fr,contact@jpatp-terrassement.fr
Inspection de canalisation par caméra près de Nîmes et Arles,https://www.mp-debouchage-express.fr/passage-de-camera,Inconnu,mpdebouchage@gmail.com,mpdebouchage@gmail.com
Location de filets de sécurité à Nîmes,https://www.filets-securite.fr/la-location,Immobilier,languedoc@filets-securite.fr,languedoc@filets-securite.fr
Électricité générale à Nîmes | Installation & dépannage,https://www.pegdusud.fr/electricite,Inconnu,contact@pegdusud.fr,contact@pegdusud.fr
Une large gamme de matériel incendie à Nîmes,https://www.vesta-prevention-incendie.fr/vente-de-materiel-incendie,Inconnu,contact@vpi-sud.fr,contact@vpi-sud.fr
Réception VN et stockage à Nîmes | Prenez contact,https://www.energy-car-wash-nimes.fr/reception-vn-et-stockage,Formation,samuelenergycarwash@outlook.fr,samuelenergycarwash@outlook.fr
Visagiste à Nîmes,https://www.m-valentine.fr/visagiste,Inconnu,contact@m-valentine.fr,contact@m-valentine.fr
Contactez votre tatoueur à Nîmes,https://www.magiinktattoo.fr/contact,Formation,contact@magiinktattoo.fr,contact@magiinktattoo.fr
Contactez Macedo Funéraire près de Nîmes,https://www.macedofuneraire.com/contact,Inconnu,macedofuneraire30127@gmail.com,macedofuneraire30127@gmail.com
Contactez Asia'n Shop à Nîmes,https://www.asianshop-30.com/contact,Formation,contact@asianshop-30.com,contact@asianshop-30.com
L'équipe de techniciens réseaux de CORSAIRE TELECOM à Nîmes,https://www.corsaire-telecom.fr/notre-equipe,Inconnu,contact@corsaire-telecom.fr,contact@corsaire-telecom.fr
Atelier de ferronnerie à Nîmes | Appelez-moi maintenant,https://www.atelier-ferros.fr/contact,Inconnu,atelierferros@gmail.com,atelierferros@gmail.com
Contactez un installateur de systèmes de sécurité à Nîmes,https://www.securite-incendie-sigt.fr/contact,Inconnu,societe.sigt30@gmail.com,societe.sigt30@gmail.com
"Contactez Délice Wave, traiteur évènementiel près de Nîmes",https://www.lavaguedessaveurs.fr/contact,Restauration,florencepignoux2@gmail.com,florencepignoux2@gmail.com
Plâtriers peintres à Nîmes | Demandez un devis détaillé,https://www.bricojoseph.fr/peinture-plaques-de-platre,Loisir,contact@bricojoseph.fr,contact@bricojoseph.fr
Maçonnerie générale à Nîmes – Charpente et couverture,https://www.mota-batiment.fr/couverture,BTP,contact@mota-batiment.fr,contact@mota-batiment.fr
Vente et dépôt de vêtements et d'articles pour enfants à Nîmes,https://www.letremplin-nimes.fr/permanence-cba,Commerce,contact@letremplin-nimes.fr,contact@letremplin-nimes.fr
Fabrication de panneaux publicitaires à Nîmes - Devis gratuit,https://www.start-publicite.fr/panneaux-publicitaires,Inconnu,contact@start-publicite.fr,contact@start-publicite.fr
Énergéticienne à Baillargues – Réservez votre séance !,https://www.amelie-crouzet.fr/,Inconnu,contact@amelie-crouzet.fr,contact@amelie-crouzet.fr
Création de bustes à Baillargues,https://www.bibi-miniature.fr/bustes,BTP,contact@bibi-miniature.fr,contact@bibi-miniature.fr
Plaquiste à Sainte-Croix-de-Quintillargues dans l'Hérault (34),https://www.ba-style.fr/,Inconnu,,
Mobilier sur mesure près de Sète | Contactez-nous maintenant,https://www.valoris34.fr/mobilier-sur-mesure,Formation,contact@valoris34.fr,contact@valoris34.fr
Contactez, n,Restauration,,
Serrurier à Baillargues,https://www.thauservice-plomberie.fr/serrurerie,BTP,contact@thauservice-plomberie.fr,contact@thauservice-plomberie.fr
Plomberie générale proche de Baillargues | Appelez-moi,https://www.ospc-34.fr/plomberie-generale,Inconnu,ospc.plomberie@gmail.com,ospc.plomberie@gmail.com
Contactez La Barbière Marseille,https://www.la-barbiere-marseille.fr/contact,Inconnu,contact@la-barbiere-marseille.fr,contact@la-barbiere-marseille.fr
Travaux de menuiserie à Marseille | Contactez-nous,https://www.lesroigdelarenovation.fr/menuiserie,BTP,contact@lesroigdelarenovation.fr,contact@lesroigdelarenovation.fr
Entreprise de rénovation à Marseille,https://www.renov-paca.fr/,BTP,contact@renov-paca.fr,contact@renov-paca.fr
Rénovation du bâtiment à Marseille,https://www.anl-travaux-constructions.fr/renovation,BTP,,
Contactez un parqueteur à Marseille – Demandez votre devis gratuit,https://www.paqueteur-clairsolric.com/contact,BTP,contact@paqueteur-clairsolric.com,contact@paqueteur-clairsolric.com
Déménagement pour les professionnels à Marseille : Pro-du-Dem,https://www.produdem.fr/professionnels,Transport,contact@produdem.fr,contact@produdem.fr
Travaux de peinture et de plâtrerie à Marseille et Aubagne,https://www.bbcrenovation.com/peinture-et-platrerie,BTP,contact@bbcrenovation.com,contact@bbcrenovation.com
Vente de produits d'épicerie à Marseille,https://www.martial-ferrat.fr/epicerie,Restauration,contact@martial-ferrat.fr,contact@martial-ferrat.fr
Découvrez nos travaux de rénovation du 13ᵉ arrondissement de Marseille,https://www.bm-construction.fr/nos-realisations,BTP,contact@bm-construction.fr,contact@bm-construction.fr
Modélisation en 3D et agencement de bureaux à Marseille et Aubagne,https://www.gabis-mobilier-bureaux.fr/modelisation-et-agencement-en-3d,Inconnu,contact@gabis-mobilier-bureaux.fr,contact@gabis-mobilier-bureaux.fr
Travaux de rénovation à Marseille pour particuliers et professionnels,https://www.srbgroupe.com/renovation,BTP,contact@srbgroupe.com,contact@srbgroupe.com
Remplacement de pare-brise à Marseille | Intervention rapide,https://www.maxicars.fr/pare-brise,Inconnu,contact@maxicars.fr,contact@maxicars.fr
Plaques professionnelles à Marseille,https://www.enseigne-tifinart.fr/plaques-professionnelles,Inconnu,tifinart13016@gmail.com,tifinart13016@gmail.com
Peinture et décoration à Marseille,https://www.srenov13.fr/peinture-et-decoration,Loisir,btp.srenov@gmail.com,btp.srenov@gmail.com
Les avis de SUP à Aubagne et Marseille,https://www.s-u-p.fr/avis,Inconnu,contact@s-u-p.fr,contact@s-u-p.fr
Installation de signalétiques à Marseille  - Contactez-nous,https://www.ejservices-plombier.fr/installation-de-signaletiques,Inconnu,contact@ejservices-plombier.fr,contact@ejservices-plombier.fr
Les aménagements de stands à Marseille,https://www.enseigne-tifinart.fr/amenagement,Inconnu,tifinart13016@gmail.com,tifinart13016@gmail.com
Les références de notre entreprise à Marseille | N B Organisation,https://www.nborganisation.fr/actualites,Inconnu,contact@nborganisation.fr,contact@nborganisation.fr
Personnalisation de motos à Marseille | Obtenez un devis,https://www.christophe-service.fr/personnaliser-sa-moto,Beauté,contact@christophe-service.fr,contact@christophe-service.fr
Expert-comptable en gestion de patrimoine à Marseille | Charles Patrimoine Assurances,https://www.charles-patrimoine-assurances.fr/experts-comptables,Finance,contact@charles-patrimoine-assurances.fr,contact@charles-patrimoine-assurances.fr
Découvrez notre boutique d'accessoires guitaristes à Marseille,https://www.musique-leader.fr/qui-sommes-nous,Commerce,contact@musique-leader.fr,contact@musique-leader.fr
Transport logistique à Marseille | Demandez votre devis,https://www.i2b-express-transport.fr/transport-logistique,Transport,contact@i2b-express-transport.fr,contact@i2b-express-transport.fr
Contactez E.S Rénovation à Marseille,https://www.es-renovation-13.fr/contact,BTP,contact@es-renovation-13.fr,contact@es-renovation-13.fr
Découvrez nos projets d'exception à la Ciotat,https://www.architecketdesign-13.com/nos-projets,Inconnu,contact@architecketdesign-13.com,contact@architecketdesign-13.com
Contactez Abdallah Voyages dans le 1ᵉʳ arrondissement de Marseille,https://www.abdallahvoyages.fr/contact,Inconnu,contact@abdallahvoyages.fr,contact@abdallahvoyages.fr
Des plats traditionnels moyen-orientaux à Marseille – Contactez-nous,https://www.moga-marseille.fr/petit-moga,Restauration,contact@moga-marseille.fr,contact@moga-marseille.fr
Construction et rénovation de cuisines à Marseille (13003),https://www.plomberie-migliore.fr/renovation,BTP,,
Travaux de miroiterie en intérieur à Marseille,https://www.miroiteriepiverre.fr/prestations-interieures,Inconnu,contact@miroiteriepiverre.fr,miroiteriepiverre@outlook.fr; contact@miroiteriepiverre.fr
Contactez-nous pour vos formations à Marseille,https://www.achilleo.fr/contact,Formation,achilleo.medicaleducation.ai@gmail.com,achilleo.medicaleducation.ai@gmail.com
Photos de travaux d’aménagement près de Marseille | Parcourez,https://www.rm-peinture-amenagements.fr/chantiers-avant-apres,Inconnu,contact@rm-peinture-amenagements.fr,contact@rm-peinture-amenagements.fr
Construction de bâtiments tertiaires aux Mées – Contactez-nous,https://www.gal-construction.fr/immeubles-d-activites-tertiaires,Inconnu,contact@gal-construction.fr,contact@gal-construction.fr
Contactez notre entreprise de maçonnerie à Marseille,https://www.eco-bat-marseille.fr/contact,BTP,contact@eco-bat-marseille.fr,contact@eco-bat-marseille.fr
Nos travaux de climatisation à Marseille | Demandez un devis,https://www.dlh-climatisation.fr/nos-realisations,BTP,contact@dlh-climatisation.fr,contact@dlh-climatisation.fr
Contactez Azzurro Pizza à Marseille,https://www.pizzeria-azzurro.fr/contact,Restauration,contact@pizzeria-azzurro.fr,contact@pizzeria-azzurro.fr
Bar à huîtres dans le 9ᵉ arrondissement de Marseille | Réservez,https://www.maisoncalambo-lecomptoir.fr/contact,Restauration,calambo13009@gmail.com,calambo13009@gmail.com
Contactez notre restaurant méditerranéen à Marseille,https://www.moga-marseille.fr/contact,Restauration,contact@moga-marseille.fr,contact@moga-marseille.fr
Contactez New Carmine à Marseille,https://www.restaurant-newcarmine.fr/contact,Restauration,contact@restaurant-newcarmine.fr,contact@restaurant-newcarmine.fr
Réparation de motos dans le 10? arrondissement de Marseille,https://www.diallo-mecanique.fr/contact,Inconnu,,
Contactez Home Confort Plomberie à Marseille,https://www.homeconfortplomberie13.fr/contact,BTP,contact@homeconfortplomberie13.fr,contact@homeconfortplomberie13.fr
"Contactez Ferran Thomas, chef et traiteur à Marseille",https://www.chefprive-thomasferran.fr/contact,Restauration,contact@chefprive-thomasferran.fr,contact@chefprive-thomasferran.fr
Des boissons rafraichissantes à Marseille – Fraicheur et du goût,https://www.lajungle-restaurant.fr/nos-boissons,Restauration,contact@lajungle-restaurant.fr,contact@lajungle-restaurant.fr
Aménagements de combles à Marseille,https://www.poly-structures.fr/amenagements-de-combles,Inconnu,contact@poly-structures.fr,contact@polystructures.fr; contact@poly-structures.fr
Entreprise de rénovation à Gignac-la-Nerthe – Confiez-nous vos projets,https://www.ecpc13.fr/,BTP,,
Rénovation de bâtiments à risque à Marseille,https://www.spot-batiment.fr/,BTP,contact@spot-batiment.fr,contact@spot-batiment.fr
Contactez Pro Sol à Marseille,https://www.prosol-13.fr/contact,BTP,contact@prosol-13.fr,contact@prosol-13.fr
Les salades de notre restaurant à Marseille 13007,https://www.pizzeria-chez-nico.fr/salades,Restauration,,
Contactez-nous pour votre boisson énergisante près de Marseille,https://www.cokolab-distribution.fr/contact,Transport,contact@cokolab-distribution.fr,contact@cokolab-distribution.fr
Contactez Compagnie Marine Hydraulique à Marseille,https://www.compagnie-marine-hydraulique.fr/contact,Inconnu,,
Contactez Easy Cuisson à Marseille,https://www.easycuisson.fr/contact,Commerce,contact@easycuisson.fr,contact@easycuisson.fr
Restaurant italien à Marseille | Commandez nos produits,https://www.casa-rubini-focaccia.fr/contact,Restauration,contact@casa-rubini-focaccia.fr,contact@casa-rubini-focaccia.fr
Contactez notre restaurant à Marseille,https://www.make-your-burger-13.fr/contact,Formation,contact@make-your-burger-13.fr,contact@make-your-burger-13.fr
Services automobiles à Marseille – Contactez-moi,https://www.jcars.fr/contact,Formation,contact@jcars.fr,contact@jcars.fr
Contactez L'Arlecchino à Marseille,https://www.larlecchino.fr/contact,Restauration,contact@larlecchino.fr,contact@larlecchino.fr
Contactez votre carrossier à Marseille | Devis offert,https://www.maxicars.fr/contact,Automobile,contact@maxicars.fr,contact@maxicars.fr
Électriciens dans le 13ᵉ de Marseille  | Dépannage rapide,https://www.bm-construction.fr/electricite,BTP,contact@bm-construction.fr,contact@bm-construction.fr
Épicerie fine à Marseille - Commandez vos produits,https://www.cafishop.fr/epicerie-fine,Inconnu,contact@cafishop.fr,lecafishop@gmail.com; contact@cafishop.fr
Installateur de fibre optique à Marseille – Internet très haut débit !,https://www.hmoptic.fr/,Inconnu,contact@hmoptic.fr,contact@hmoptic.fr
Travaux de revêtement de sol à Marseille | Laissez vos messages,https://www.eco-bat-marseille.fr/pose-de-revetements,Inconnu,contact@eco-bat-marseille.fr,contact@eco-bat-marseille.fr
Galerie photos de Cilio Rénov à Marseille,https://www.cilio-renov.fr/nos-realisations,BTP,contact@cilio-renov.fr,contact@cilio-renov.fr
Expertise projets neufs bâtiments et génie civil à Marseille,https://www.poly-structures.fr/batiment-neuf,Inconnu,contact@poly-structures.fr,contact@polystructures.fr; contact@poly-structures.fr
Restaurant méditerranéen idéal pour célébrer à Marseille,https://www.moga-marseille.fr/evenementiel,Restauration,contact@moga-marseille.fr,contact@moga-marseille.fr
Société du bâtiment à Marseille,https://www.srenov13.fr/contact,BTP,btp.srenov@gmail.com,btp.srenov@gmail.com
Travaux d’agencement intérieur à Marseille | Contactez-nous,https://www.2r-service-renovation.fr/agencement-interieur,Beauté,contact@2r-service-renovation.fr,contact@2r-service-renovation.fr
Contactez l’entreprise Top Chrono Assainissement à Marseille,https://www.top-chrono-assainissement.com/contact,Inconnu,tcacontact@icloud.com,tcacontact@icloud.com
Les réalisations de notre entreprise de rénovation à Marseille,https://www.renov-tout-paca.fr/galerie-photos,BTP,contact@renov-tout-paca.fr,contact@renov-tout-paca.fr
Bar ambulant à Marseille | Demandez plus d’informations,https://www.amourenbar.fr/demande-de-devis,Formation,lamourenbar@gmail.com,lamourenbar@gmail.com
La galerie photos de nos travaux de rénovation à Marseille,https://www.renov-paca.fr/nos-realisations,BTP,contact@renov-paca.fr,contact@renov-paca.fr
Peintres dans le 13ᵉ arrondissement de Marseille| Devis gratuit,https://www.bm-construction.fr/peinture-et-cloisons,Bien-être,contact@bm-construction.fr,contact@bm-construction.fr
Atelier de motos de course à Marseille | Demandez un devis,https://www.christophe-service.fr/accueil,Formation,contact@christophe-service.fr,contact@christophe-service.fr
Nos réalisations à Marseille : découvrez nos chantiers,https://www.cema-renovation.fr/nos-realisations,BTP,contact@cema-renovation.com,contact@cema-renovation.com
Organisation d’événements pour les professionnels à Marseille,https://www.lajungle-restaurant.fr/pour-les-professionnels,Restauration,contact@lajungle-restaurant.fr,contact@lajungle-restaurant.fr
CÉMA RÉNOVATION à Marseille | Contactez-nous,https://www.cema-renovation.fr/contact,BTP,contact@cema-renovation.com,contact@cema-renovation.com
Carreleurs dans le 13ᵉ arrondissement de Marseille | Demandez un devis,https://www.bm-construction.fr/carrelage,Inconnu,contact@bm-construction.fr,contact@bm-construction.fr
Restaurant et bar d’ambiance | Organisation d’événements et soirées à thèmes,https://www.lajungle-restaurant.fr/nos-prochains-evenements,Restauration,contact@lajungle-restaurant.fr,contact@lajungle-restaurant.fr
Bâtiments publics - Neuf & Réhabilitation à Marseille,https://www.poly-structures.fr/batiments-publics-neuf-et-rehabilitation,Inconnu,contact@poly-structures.fr,contact@polystructures.fr; contact@poly-structures.fr
Pose de plaques de plâtre à Marseille : comptez sur nos artisans,https://www.cema-renovation.fr/pose-de-plaque-de-platre,BTP,contact@cema-renovation.com,contact@cema-renovation.com
Mentions Légales - NBO,https://www.nborganisation.fr/mentions-legales,Inconnu,contact@nborganisation.fr,contact@nborganisation.fr
Plombiers dans le 13ᵉ arrondissement de Marseille | Pose rapide,https://www.bm-construction.fr/plomberie,BTP,contact@bm-construction.fr,contact@bm-construction.fr
Organigramme à Marseille,https://www.poly-structures.fr/organigramme,Inconnu,contact@poly-structures.fr,contact@polystructures.fr; contact@poly-structures.fr
Sites web : notre expertise | local.fr,https://www.local.fr/nos-expertises,Inconnu,,
Restaurant à Aix-en-Provence – Découvrez notre histoire,https://www.piacere-aix.com/notre-histoire,Formation,contact@piacere-aix.com,contact@piacere-aix.com
Contactez un promoteur immobilier à Aix-en-Provence,https://www.c3ic-promotion.fr/contact,Immobilier,contact@c3ic-promotion.fr,contact@c3ic-promotion.fr
Contactez Couleur Aixoiseprès d’Aix-en-Provence | Informez-vous,https://www.couleur-aixoise-film-solaire.fr/contact-et-devis,Inconnu,contact@couleur-aixoise-film-solaire.fr,contact@couleur-aixoise-film-solaire.fr
Restaurant traditionnel à Aix-en-Provence,https://www.la-villa-divina.fr/,Restauration,,
Agencement près d’Aix-en-Provence | Optimiser vos espaces,https://www.area-renovation.fr/agencement,Bien-être,contact@area-renovation.fr,contact@area-renovation.fr
Restaurant Aix-en-Provence | Réservez votre table maintenant,https://www.le315.fr/,Restauration,contact@le315.fr,contact@le315.fr
Grillades de viandes près d’Aix-en-Provence | Réservez maintenant,https://www.latana-restaurant.fr/nos-grillades-de-viandes,Restauration,contact@latana-restaurant.fr,contact@latana-restaurant.fr
Saveurs et pIats italiens à Aix-en-Provence I Prima Pasta,https://www.prima-pasta.fr/ou-nous-trouver,Restauration,contact@prima-pasta.fr,contact@prima-pasta.fr
Nos réalisations : Conseils Décors à Aix-en-Provence,https://www.equipement-hotelier-13.fr/nos-partenaires,Commerce,contact@equipement-hotelier-13.fr,conseilsdecors@hotmail.fr; contact@equipement-hotelier-13.fr
Accompagnement à distance des entreprises à Aix-en-Provence,https://www.ambitions-actions.fr/evoludis,Inconnu,contact@ambitions-actions.fr,contact@ambitions-actions.fr
Électriciens à Lambesc - Devis détaillé,https://www.2-elecs.fr/,BTP,contact@2-elecs.fr,contact@2-elecs.fr
Le Domaine Des Trois Filles à La Cadière-d'Azur,https://www.domainedestroisfilles.fr/,Immobilier,contact@domainesdestroisfilles.com,contact@domainesdestroisfilles.com
Les partenaires de votre primeur produits frais à Aix-en-Provence,https://www.lilot-vert-primeur.fr/nos-partenaires,Inconnu,contact@lilot-vert-primeur.fr,contact@lilot-vert-primeur.fr
Vente de blocs de marbre à Plan de Campagne,https://www.mondial-marbre.com/nos-blocs,Inconnu,contact@mondial-marbre.com,mondial-marbre@hotmail.com; contact@mondial-marbre.com
Informations de contact de Banquette Concept à Peyrolles-en-Provence,https://www.banquette-concept.fr/contact,Finance,contact@banquette-concept.fr,contact@banquette-concept.fr
Aménagement intérieur près d’Aix-en-Provence | Créez votre espace,https://www.ferey-renovation.fr/amenagement-interieur,Bien-être,contact@ferey-renovation.fr,contact@ferey-renovation.fr
Pose et entretien de gazon près de La Bouilladisse,https://www.vscompany.fr/pose-et-entretien-de-gazons,Inconnu,contact@vscompany.fr,contact@vscompany.fr
Petits travaux de dépannage à Aix-en-Provence | Service rapide,https://www.mc-services-renovation.fr/petits-travaux-de-depannage,BTP,contact@mc-services-renovation.fr,contact@mc-services-renovation.fr
Création de jardins à Aix-en-Provence | Demandez un devis,https://www.raquinpaysagespereetfils.fr/creation-paysagere,Inconnu,contact@raquinpaysagespereetfils.fr,contact@raquinpaysagespereetfils.fr
Contactez la commune du Lauzet-Ubaye pour réserver nos gîtes,https://www.gites-le-lauzet-ubaye.com/contact-et-acces,Tourisme,contact@gites-le-lauzet-ubaye.com,contact@gites-le-lauzet-ubaye.com
Poissonnerie ambulante près d'Aix-en-Provence,https://www.poissonnerie-mareluna.fr/notre-poissonnerie-ambulante,Inconnu,contact@poisonnerie-mareluna.fr,contact@poisonnerie-mareluna.fr
Traiteurs pour la préparation de buffets événementiels à Berre-l'Étang,https://www.traiteurs-les4saisons.fr/evenements,Restauration,contact@traiteurs-les4saisons.fr,contact@traiteurs-les4saisons.fr
Peinture près d’Aix-en-Provence | Transformez votre intérieur,https://www.ferey-renovation.fr/peinture,BTP,contact@ferey-renovation.fr,contact@ferey-renovation.fr
Contactez BM Élagueur à Marignane,https://www.mb-elagage.fr/contact,Inconnu,contact@mb-elagage.fr,contact@mb-elagage.fr
Plombiers chauffagistes à Plan-de-Cuques,https://www.jdag-plomberie13.fr/,BTP,,
Organisation de mariage à Marseille et Montpellier,https://www.lg-prod.fr/mariage,Inconnu,contact@lg-prod.fr,contact@lgprod.fr; contact@lg-prod.fr
Contactez un souffleur de verre à L'Isle-sur-la-Sorgue - As du Verre,https://www.asduverre.com/contact,Inconnu,contact@asduverre.com,asduverre@gmail.com; contact@asduverre.com
Impression numérique à Arles,https://www.ello-com-impressions.fr/imprimerie-numerique,Inconnu,,
Épicerie fine à Pertuis,https://www.cavedesbonssachants.com/epicerie-fine,Inconnu,contact@cavedesbonssachants.com,contact@cavedesbonssachants.com
Travaux de terrassement à Aubagne,https://www.solution-terrassement.fr/,Inconnu,,
Contactez-nous pour vos travaux de rénovation à Marseille 13e,https://www.bm-construction.fr/contact,BTP,contact@bm-construction.fr,contact@bm-construction.fr
Restauration rapide à Aix-en-Provence – Commandez vos snacks,https://www.piacere-aix.com/,Restauration,contact@piacere-aix.com,contact@piacere-aix.com
Contactez votre masseuse à Aix-en-Provence,https://www.yanie-massage-bien-etre.fr/contact,Bien-être,contact@yanie-massage-bien-etre.fr,contact@yanie-massage-bien-etre.fr
Construction de réseaux électriques pour les professionnels,https://www.sn-epm-eclairage-public.fr/,Inconnu,,
Constructeur de maison à Salon-de-Provence | Team Construction,https://www.team-construction.fr/,BTP,contact@team-construction.fr,contact@team-construction.fr
Notre service de filtration à Régusse,https://www.mbs-distribution.fr/filtration,Inconnu,,
Agent de nettoyage à Marseille | Contactez nos agents,https://www.saifa-nettoyage.fr/contact,Immobilier,contact@saifa-nettoyage.fr,contact@saifa-nettoyage.fr
Aménagement extérieur près d’Aix-en-Provence | Devis détaillé,https://www.santinitp.fr/amenagement-exterieur,Inconnu,contact@santinitp.fr,contact@santinitp.fr
Travaux en hauteur à La Tour-d'Aigues,https://www.les-cordistes-du-luberon.fr/,BTP,contact@les-cordistes-du-luberon.fr,contact@les-cordistes-du-luberon.fr
Entreprise de logistique à Marseille,https://www.chronoss.fr/,Inconnu,contact@chronoss.fr,contact@chronoss.fr
Contactez votre agent de sécurité à Marseille et Aubagne,https://www.nours-securite-privee.fr/devis-et-contact,Inconnu,contact@nours-securite-privee.fr,contact@nours-securite-privee.fr
Transport de véhicules à Marseille 13e | Contactez-nous,https://www.gmsudservices.fr/transport-de-vehicules,Transport,contact@gmsudservices.fr,contact@gmsudservices.fr
Contactez votre coach sportive à Aix-en-Provence,https://www.fitcoachloe.fr/contact,Inconnu,contact@fitcoachloe.fr,contact@fitcoachloe.fr
Entreprise de rénovation dans le 13ᵉ arrondissement de Marseille,https://www.bm-construction.fr/,BTP,contact@bm-construction.fr,contact@bm-construction.fr
La galerie photos de votre salon de thé d'Aix-en-Provence,https://www.byprettycake.fr/galerie-photos,Inconnu,contact@byprettycake.fr,contact@byprettycake.fr
Pose de revêtement de sol près d’Aix-en-Provence |Sur devis,https://www.woelffle-services-renovation.fr/sol,Inconnu,contact@woelffle-services-renovation.fr,contact@woelffle-services-renovation.fr
Service de débroussaillage à Aix-en-Provence | Découvrez mes services,https://www.raquinpaysagespereetfils.fr/debroussaillage,Inconnu,contact@raquinpaysagespereetfils.fr,contact@raquinpaysagespereetfils.fr
Contactez notre poissonnerie près d'Aix-en-Provence,https://www.poissonnerie-mareluna.fr/contact,Inconnu,contact@poisonnerie-mareluna.fr,contact@poisonnerie-mareluna.fr
Spécialiste en aide à la gestion d'entreprise à Aix-en-Provence,https://www.ambitions-actions.fr/,Inconnu,contact@ambitions-actions.fr,contact@ambitions-actions.fr
Des tacos chez O Grill's à Aix-en-Provence – Passez votre commande,https://www.ogrills.fr/tacos,Inconnu,contact@ogrills.fr,contact@ogrills.fr
Mentions Légales - ISTANBUL KEBAB - CHEZ VAKKAS,https://www.istanbul-kebab-aix.fr/mentions-legales,Inconnu,praxies@hotmail.com,praxies@hotmail.com
Restaurant sans gluten à Aix-en-Provence | Réservez votre table,https://www.aixsansgluten.fr/restaurant-sans-gluten-et-salon-de-the,Restauration,contact@aixsansgluten.fr,contact@aixsansgluten.fr
La carte de nos restaurants à Marseille et à Aix-en-Provence,https://www.lemariolegruppo.fr/menu,Restauration,,
Réservez votre table au 315 à Aix-en-Provence,https://www.le315.fr/reservation,Restauration,contact@le315.fr,contact@le315.fr
Plombier à proximité d’Aix-en-Provence | Laissez un message,https://www.avenirconstructions13.fr/plomberie,BTP,avenirconstructions@orange.fr,avenirconstructions@orange.fr
Adoptez nos valeurs de développement durable à Aix-en-Provence,https://www.flumenconsult.fr/nos-valeurs,Inconnu,contact@flumenconsult.fr,contact@flumenconsult.fr
Restaurants italiens à Marseille et à Aix-en-Provence,https://www.lemariolegruppo.fr/,Restauration,,
Élagueur à Aix-en-Provence | Contactez-moi,https://www.raquinpaysagespereetfils.fr/elagage,Inconnu,contact@raquinpaysagespereetfils.fr,contact@raquinpaysagespereetfils.fr
Plombier près d'Aix-en-Provence | Devis personnalisé,https://www.ecp-renov.fr/plomberie,BTP,ecprenov.compta@gmail.com,ecprenov.compta@gmail.com
Galerie photos d’entreprise de rénovation près d’Aix-en-Provence,https://www.woelffle-services-renovation.fr/galerie-photos,BTP,contact@woelffle-services-renovation.fr,contact@woelffle-services-renovation.fr
Restaurant rapide à Aix-en-Provence – Bar à chichas !,https://www.ochis.fr/,Transport,contact@ochis.fr,contact@ochis.fr
Travaux de plomberie à Pertuis,https://www.elec-and-co-pertuis.fr/plomberie,BTP,contact@elec-and-co-pertuis.fr,contact@elec-and-co-pertuis.fr
Couvreur proche d’Aix-en-Provence │ Demandez un devis,https://www.joli-charpente.fr/couverture,Inconnu,sas.jolicharpente@gmail.com,sas.jolicharpente@gmail.com
Découvrez nos fleurs comestibles près d’Aix-en-Provence,https://www.jardins-de-valentine-et-victor.fr/fleurs-comestibles,Inconnu,,
Contactez un expert hydraulique à Aix-en-Provence,https://www.flumenconsult.fr/contact,Inconnu,contact@flumenconsult.fr,contact@flumenconsult.fr
Dépannage de serrurerie près d’Aix-en-Provence │Appelez-nous,https://www.votreserrure.fr/serrurerie,BTP,dambrevilleevens@gmail.com,dambrevilleevens@gmail.com
Travaux de revêtement à Aix-en-Provence – Demandez votre devis,https://www.ambdesign.fr/parquets,Inconnu,contact@ambdesign.fr,contact@ambdesogn.fr; contact@ambdesign.fr
Travaux d'électricité à Pertuis,https://www.elec-and-co-pertuis.fr/electricite,Inconnu,contact@elec-and-co-pertuis.fr,contact@elec-and-co-pertuis.fr
Dégustation de salades-repas à Aix-en-Provence I Prima Pasta,https://www.prima-pasta.fr/les-salades-repas,Restauration,contact@prima-pasta.fr,contact@prima-pasta.fr
Décoration de vitrine de magasin ç Aix-en-Provence,https://www.couleur-aixoise-film-solaire.fr/decoration-de-vitrine-de-magasin,Bien-être,contact@couleur-aixoise-film-solaire.fr,contact@couleur-aixoise-film-solaire.fr
Voirie | CLTP à Aix-en-Provence,https://www.cltp-terrassement-13.fr/voirie,BTP,contact@cltp-terrassement-13.fr,contact@cltp-terrassement-13.fr
La carte de notre restaurant à Aix-en-Provence – Découvrez nos menus,https://www.piacere-aix.com/notre-carte,Restauration,contact@piacere-aix.com,contact@piacere-aix.com
Notices techniques de notre entreprise spécialisée en courant faible,https://www.arcom-provence.fr/notices-techniques,Inconnu,contact@arcom-provence.fr,contact@arcomprovence.com; contact@arcom-provence.fr
Galerie photos du Restaurant La Villa Divina à Aix-en-Provence,https://www.la-villa-divina.fr/galerie-photos,Restauration,,
Les boissons restaurant Aix-en-Provence| Rejoignez-nous,https://www.le315.fr/carte-des-tapas-et-des-boissons,BTP,contact@le315.fr,contact@le315.fr
Création et aménagement espaces verts | CLTP à Aix-en-Provence,https://www.cltp-terrassement-13.fr/creation-et-amenagement-espaces-verts,BTP,contact@cltp-terrassement-13.fr,contact@cltp-terrassement-13.fr
Contact Fast Grill in Arles,https://www.fastgrill-arles.com/contact,Formation,contact@fastgrill-arles.com,contact@fastgrill-arles.com
Les menus de Fast Grill à Arles,https://www.fastgrill-arles.fr/les-tacos,Restauration,contact@fastgrill-arles.fr,contact@fastgrill-arles.fr
Des produits pour le petit-déjeuner à Arles – Contactez-moi,https://www.o-marche-de-provence.fr/petit-dejeuner,Inconnu,contact@o-marche-de-provence.fr,contact@o-marche-de-provence.fr
Pose de carrelage près d’Arles,https://www.spr-renovation.fr/carrelage,BTP,contact@spr-renovation.fr,contact@spr-renovation.fr
Contactez votre psychomotricienne à Arles,https://www.gaelle-nayel-psychomotricienne.fr/contact,Inconnu,contact@gaelle-nayel-psychomotricienne.fr,contact@gaelle-nayel-psychomotricienne.fr
Création de jardins à Arles-sur-Tech,https://www.romain-espaces-verts.fr/creation-et-maconnerie-paysagere,Bien-être,contact@romain-espaces-verts.fr,contact@romain-espaces-verts.fr
Pose de plaques de plâtre à Arles,https://www.uhlmann-placo-peinture.fr/plaques-de-platre,Bien-être,contact@uhlmann-placo-peinture.fr,contact@uhlmann-placo-peinture.fr
Préparation de sols aux alentours d'Arles | Contactez-nous,https://www.tboservices.fr/reprise-de-support,Inconnu,contact@tboservices.fr,contact@tboservices.fr
Contactez votre électricien à Arles | Demandez un devis,https://www.volt-energies.fr/contact,BTP,contact@volt-energies.fr,contact@volt-energies.fr
Construction de parking aux Mées – Contactez-nous,https://www.gal-construction.fr/parkings,Inconnu,contact@gal-construction.fr,contact@gal-construction.fr
Actualités près d'Arles,https://www.diagtip-immobilier.fr/actualites,Inconnu,contact@diagtip-immobilier.fr,contact@diagtip-immobilier.fr
Découvrez les tissus vendus par vos magasins à Arles et Paradou,https://www.lacouronnetissus.fr/nos-tissus,Commerce,contact@lacouronnetissus.fr,contact@lacouronnetissus.fr
Couturière pour les professionnels à Arles,https://www.lacoutureriearlesienne.fr/professionnels,Inconnu,contact@lacoutureriearlesienne.fr,contact@lacoutureriearlesienne.fr
Pose de carrelage pour piscine et terrasse à Fourques et Arles,https://www.perez-carrelage.fr/terrasses-et-piscines,Inconnu,contact@perez-carrelage.fr,contact@perez-carrelage.fr
Delporte zinguerie Arles,https://www.artdelporte-toiture-13.fr/delporte-zinguerie-arles,BTP,,
Spécialistes en rénovation à Arles,https://www.fdlhf.com/specialistes-en-renovation,BTP,,
"Troc, location et vente de vêtements d'occasion à Arles",https://www.dressing-collectif.fr/troc-et-loc-et-vente,Immobilier,contact@dressing-collectif.fr,contact@dressing-collectif.fr
Rénovation extérieure de maisons à Arles | Appelez-moi,https://www.2-m-habitat.fr/renovation-interieure,BTP,contact@2-m-habitat.fr,contact@2-m-habitat.fr
Découvrez les costumes créés par des tissus de ma boutique à Arles,https://www.lacouronnetissus.fr/nos-costumes,Commerce,contact@lacouronnetissus.fr,contact@lacouronnetissus.fr
Création de vêtements à Arles,https://www.lacoutureriearlesienne.fr/creation,Inconnu,contact@lacoutureriearlesienne.fr,contact@lacoutureriearlesienne.fr
Friperie à Arles | Échangez et achetez des vêtements d’occasion,https://www.dressing-collectif.fr/,Immobilier,contact@dressing-collectif.fr,contact@dressing-collectif.fr
Contactez mon entreprise dédiée à la vente de tissus à Arles,https://www.lacouronnetissus.fr/contact,Commerce,contact@lacouronnetissus.fr,contact@lacouronnetissus.fr
Contactez l’entreprise Arles pour un devis à Saint-Rome-de-Tarn,https://www.arles-transports.fr/contact,Transport,contact@arles-transports.fr,contact@arles-transports.fr
Réfection de tapisserie à Arles,https://www.lacoutureriearlesienne.fr/tapisserie,Inconnu,contact@lacoutureriearlesienne.fr,contact@lacoutureriearlesienne.fr
Création de salles de bain et cuisines près d'Arles,https://www.spr-renovation.fr/salle-de-bain-et-cuisine,BTP,contact@spr-renovation.fr,contact@spr-renovation.fr
Auto-écoles à Marseille et à Vitrolles,https://www.grech-bernabo-formation.com/,Automobile,chrystel.trupiano@grech-bernabo-formation.com,chrystel.trupiano@grech-bernabo-formation.com
Artisan couvreur à Arles,https://www.artdelporte-toiture-13.fr/,BTP,,
Travaux de maçonnerie à Sénas,https://www.maconnerie-mgnp.fr/,BTP,contact@maconnerie-mgnp.fr,contact@maconnerie-mgnp.fr
Contactez Arcom Provence : installateur de courant faible à Noves.,https://www.arcom-provence.fr/contact,Inconnu,contact@arcom-provence.fr,contact@arcomprovence.com; contact@arcom-provence.fr
Magasins d'articles festifs à Nîmes et à Avignon,https://www.centerfete.com/,Commerce,,
Les marques de Mas Saint Clément à Tarascon,https://www.mas-saint-clement.fr/marques-distribuees,Inconnu,contact@mas-saint-clement.fr,contact@mas-saint-clement.fr
Plombiers expérimentés près d'Arles,https://www.mtp-plomberie.fr/plomberie,BTP,contact@mtp-plomberie.fr,contact@mtp-plomberie.fr
Détection de réseaux souterrains pour vos travaux privés à Arles,https://www.occitanie-detection-reseaux.fr/particuliers,Inconnu,occitanie.detection34@gmail.com,occitanie.detection34@gmail.com
Ferme à Fourques – Contactez-nous,https://www.lapouleauxoeufsdargence.fr/,Restauration,contact@lapouleauxoeufsdargence.fr,contact@lapouleauxoeufsdargence.fr
Livre d'or de mon gîte et de ma chambre d'hôtes à Vendargues,https://www.nicozenhome.fr/avis-google,Tourisme,contact@nicozenhome.fr,contact@nicozenhome.fr
Bois de chauffage à Saint-Gilles  | Marc Linsolas à Saint-Gilles,https://www.marclinsolas.fr/vente-bois-de-chauffage,Transport,contact@marclinsolas.fr,contact@marclinsolas.fr
Gros et second œ️uvre à Salon-de-Provence,https://www.maconnerie-provence.fr/,BTP,,
Fast Grill menus in Arles,https://www.fastgrill-arles.com/our-menus,Restauration,contact@fastgrill-arles.com,contact@fastgrill-arles.com
Mes réalisations en abattage et entretien de parcs près d'Arles,https://www.fc-paysage.fr/mes-realisations,Inconnu,,
Mentions Légales - GLOBAL ÉCHAFAUDAGE,https://www.globalechafaudage.fr/mentions-legales,Inconnu,contact@globalechafaudage.fr,contact@globalechafaudage.fr
Entreprise multiservice à Marseille,https://www.domo-concept-renov.fr/,BTP,contact@domo-concept-renov.fr,contact@domo-concept-renov.fr
Peintres et façadiers à Vauvert,https://www.ofm-facadier.fr/,BTP,,
Entreprise du bâtiment à Velleron,https://www.entreprisetinellicarrelage.fr/,Inconnu,contact@entreprisetinellicarrelage.fr,contact@entreprisetinellicarrelage.fr
Travaux de jardinage à Châteauneuf-les-Martigues par FD Élagage,https://www.fd-elagage.fr/,Bien-être,contact@fd-elagage.fr,contact@fd-elagage.fr
Entreprise de carrelage à Courthézon – Devis gratuit !,https://www.concept-sols.fr/,Inconnu,contact@concept-sols.fr,contact@concept-sols.fr
Contactez L'Atelier de Thor à Saint-Gilles,https://www.latelier-de-thor.fr/contact,BTP,contact@latelier-de-thor.fr,contact@latelier-de-thor.fr
Climaticiens expérimentés près d'Arles,https://www.mtp-plomberie.fr/climatisation,BTP,contact@mtp-plomberie.fr,contact@mtp-plomberie.fr
Entreprise d’installation et de location d’échafaudages près d'Avignon,https://www.globalechafaudage.fr/,Immobilier,contact@globalechafaudage.fr,contact@globalechafaudage.fr
Découvrez nos casiers réfrigérés à Arles,https://www.les-champs-da-cote-local.fr/nos-casiers,Inconnu,,
Contactez Romain Espaces Verts à Arles-sur-Tech,https://www.romain-espaces-verts.fr/contact,Bien-être,contact@romain-espaces-verts.fr,contact@romain-espaces-verts.fr
Informaticien à Arles | SSIP2,https://www.ssip2-13.com/contact,Formation,contact@ssip2-13.com,contact@assip2.com; contact@ssip2-13.com
Poissonnerie Armand à Arles près de Nîmes,https://www.poissonnerie-armand.fr/,Inconnu,,
Accessoires pour cheval à Tarascon,https://www.mas-saint-clement.fr/sellerie-saint-clement,Inconnu,contact@mas-saint-clement.fr,contact@mas-saint-clement.fr
les photos de mon entreprise de second œ️uvre à Arles,https://www.uhlmann-placo-peinture.fr/realisations,Inconnu,contact@uhlmann-placo-peinture.fr,contact@uhlmann-placo-peinture.fr
Diagnostic électrique et gaz à Arles | DiagTip Immobilier,https://www.diagtip-immobilier.fr/electricite-et-gaz,Inconnu,contact@diagtip-immobilier.fr,contact@diagtip-immobilier.fr
Spécialistes en rénovation intérieure à Arles | Contactez-nous,https://www.ki-plomberie-chauffage.fr/contact,BTP,contact@ki-plomberie-chauffage.fr,contact@ki-plomberie-chauffage.fr
Distributeurs de produits locaux à Arles,https://www.les-champs-da-cote-local.fr/,Inconnu,,
Spécialiste de la rénovation à Arles,https://www.2-m-habitat.fr/contact-et-devis,BTP,contact@2-m-habitat.fr,contact@2-m-habitat.fr
Les brunchs autour d’Arles : partagez un moment convivial,https://www.lacuisinedemama-traiteur.fr/les-brunchs,Restauration,la.cuisine.de.mama.traiteur@gmail.com,la.cuisine.de.mama.traiteur@gmail.com
Entreprise de toiture à Avignon et Arles,https://www.m-toiture.fr/couverture-toiture,Loisir,,
Boutique provençale à Arles – Contactez-moi,https://www.o-marche-de-provence.fr/,Commerce,contact@o-marche-de-provence.fr,contact@o-marche-de-provence.fr
Travaux d'électricité générale à Beaucaire | Contactez-nous,https://www.volt-energies.fr/electricite-generale,BTP,contact@volt-energies.fr,contact@volt-energies.fr
Témoignages : imprimerie Ello.com à Arles,https://www.ello-com-impressions.fr/temoignages-clients,Inconnu,,
Transport de matériau pour travaux public près de Millau,https://www.arles-transports.fr/transport-de-materiaux-pour-tp,Transport,contact@arles-transports.fr,contact@arles-transports.fr
Location de logements de vacances à Arles | Appelez-nous,https://www.camargue-bohem.fr/location,Immobilier,l.thibaud30@gmail.com,l.thibaud30@gmail.com
Travaux de cuisines à Arles | Demandez un devis gratuit,https://www.ki-plomberie-chauffage.fr/cuisine,BTP,contact@ki-plomberie-chauffage.fr,contact@ki-plomberie-chauffage.fr
Extraction et désinfection de virus informatique à Arles | SSIP2,https://www.ssip2-13.com/eradication-de-virus,Inconnu,contact@ssip2-13.com,contact@assip2.com; contact@ssip2-13.com
Abattage d'arbres à Arles,https://www.toiture-elagage-arles.fr/abattage,Inconnu,,
Immortalisez votre séjour en Provence à Arles,https://www.o-marche-de-provence.fr/souvenirs-de-provence,Inconnu,contact@o-marche-de-provence.fr,contact@o-marche-de-provence.fr
Vente directe de produits locaux par nos producteurs à Arles,https://www.les-champs-da-cote-local.fr/nos-producteurs,Inconnu,,
Les menus de Fast Grill à Arles,https://www.fastgrill-arles.fr/nos-hamburgers,Restauration,contact@fastgrill-arles.fr,contact@fastgrill-arles.fr
Delporte isolation Arles,https://www.artdelporte-toiture-13.fr/delporte-isolation-arles,BTP,,
Impression grand format - Imprimerie à Arles,https://www.ello-com-impressions.fr/grands-formats,Inconnu,,
Produits d'épicerie sucrés et salés à Arles – Contactez-moi,https://www.o-marche-de-provence.fr/autour-du-repas,Inconnu,contact@o-marche-de-provence.fr,contact@o-marche-de-provence.fr
Contactez Fast Grill à Arles,https://www.fastgrill-arles.fr/contact,Formation,contact@fastgrill-arles.fr,contact@fastgrill-arles.fr
Soins esthétiques à Arles | Contactez votre esthéticienne,https://www.sublime-laser-epilation.fr/,Beauté,sublime.laser13@gmail.com,sublime.laser13@gmail.com
Imprimerie offset à Arles - Flyers et plaquettes,https://www.ello-com-impressions.fr/imprimerie-offset,Inconnu,,
Vente de produits cosmétiques à Arles – Contactez-moi,https://www.o-marche-de-provence.fr/cosmetiques,Inconnu,contact@o-marche-de-provence.fr,contact@o-marche-de-provence.fr
Les menus de Fast Grill à Arles,https://www.fastgrill-arles.fr/nos-assiettes-grill,Restauration,contact@fastgrill-arles.fr,contact@fastgrill-arles.fr
Impression de PLV - Imprimerie à Arles,https://www.ello-com-impressions.fr/plv,Inconnu,,
Conseils avant séance laser à Arles | Contactez-moi,https://www.sublime-laser-epilation.fr/conseil-avant-seance,Inconnu,sublime.laser13@gmail.com,sublime.laser13@gmail.com
Les menus de Fast Grill à Arles,https://www.fastgrill-arles.fr/nos-classiques,Restauration,contact@fastgrill-arles.fr,contact@fastgrill-arles.fr
Contactez notre centre équestre à Marseille,https://www.la-chevauchee-de-letoile.fr/nous-contacter,Formation,contact@la-chevauchee-de-letoile.fr,contact@la-chevauchee-de-letoile.fr
Service événementiel à Marseille - Réservez !,https://www.cafishop.fr/evenementiel,Inconnu,contact@cafishop.fr,lecafishop@gmail.com; contact@cafishop.fr
Mentions Légales - SARL LE 26,https://www.pizza-le-26.fr/mentions-legales,Inconnu,contact@pizza-le-26.fr,contact@pizza-le-26.fr
Mentions Légales - KINESPORT 13,https://www.kine-sport-13.fr/mentions-legales,Inconnu,contact@kine-sport-13.fr,contact@kine-sport-13.fr
,https://www.boucherieborrely-drive.fr/PBCPPlayer.asp?ID=2124332,Inconnu,boucherie.borrely@gmail.com,boucherie.borrely@gmail.com
Petits travaux à Marseille - Contactez-nous,https://www.ejservices-plombier.fr/multiservices,Loisir,contact@ejservices-plombier.fr,contact@ejservices-plombier.fr
Contactez notre poissonnerie La Maison Calambo | Réservez,https://www.maisoncalambo.fr/contact,Formation,calambo13009@gmail.com,calambo13009@gmail.com
Contactez votre boutique de musique à Marseille,https://www.musique-leader.fr/contact,Commerce,contact@musique-leader.fr,contact@musique-leader.fr
La galerie photos de S.R.B à Marseille,https://www.srbgroupe.com/nos-realisations,BTP,contact@srbgroupe.com,contact@srbgroupe.com
Confortement de structures à risque à Marseille,https://www.spot-batiment.fr/rehabilitation-structurelle,BTP,contact@spot-batiment.fr,contact@spot-batiment.fr
Création en marbre sur mesure à Marseille,https://www.mondial-marbre.com/creations-sur-mesure,Inconnu,contact@mondial-marbre.com,mondial-marbre@hotmail.com; contact@mondial-marbre.com
Déménageur à Marseille | Demandez plus d’informations,https://www.mchagui-demenagement.fr/contact,Formation,mchaguiservices@gmail.com,mchaguiservices@gmail.com
Consulting et conseil en entreprise à Marseille | N B Organisation....,https://www.nborganisation.fr/nbo,Inconnu,contact@nborganisation.fr,contact@nborganisation.fr
Contact du Bonheur et Bijoux à Istres : posez vos questions,https://www.bonheur-et-bijoux.com/contact,Commerce,contact@bonheur-et-bijoux.com,contact@bonheur-et-bijoux.com; contact@cm2c.net
Installation de système de désenfumage près d'Istres,https://www.lrbat-13.fr/desenfumage,Inconnu,contact@lrbat-13.fr,contact@lrbat-13.fr
Remplacement de pare-brise à Istres,https://www.elite-glass.fr/remplacement-de-pare-brise,Inconnu,contact@elite-glass.fr,contact@elite-glass.fr
Photographe pour les professionnels à Istres,https://www.frantz-landrieu-photographie.fr/professionnel-entreprise,Inconnu,contact@frantz-landrieu-photographie.fr,contact@frantz-landrieu-photographie.fr
Les services plus d'A.E.C.P Graceffa à Lançon-Provence – Découvrez !,https://www.aecp-graceffa-lancon.fr/nos-plus,Inconnu,contact@aecp-graceffa-lancon.fr,aecp-graceffa@hotmail.fr; contact@aecp-graceffa-lancon.fr
Façadier à Gémenos : Alternative Concept Maintenance,https://www.acm-etancheite-13.fr/facade,BTP,,
Remise en état après travaux à Istres,https://www.sianna-clean-istres.fr/remise-en-etat,Inconnu,contact@sianna-clean-istres.fr,contact@sianna-clean-istres.fr
Studio d’enregistrement à Istres,https://www.roomstudio.fr/,Inconnu,contact13@roomstudio.fr,contact13@roomstudio.fr
Entreprise multiservice à Istres,https://www.fred-multiservices13.fr/,BTP,contact@fred-multiservices13.fr,contact@fred-multiservices13.fr
Contactez votre salle de réception et votre traiteur à Istres,https://www.au-coeur-de-la-provence.fr/contact,Restauration,contact@au-coeur-de-la-provence.fr,contact@au-coeur-de-la-provence.fr
La galerie photos de GAPC Rénov à Istres,https://www.gapc-renov.fr/galerie,BTP,contact@gapc-renov.fr,contact@gapc-renov.fr
Les avis d'Elite Glass à Istres,https://www.elite-glass.fr/avis,Inconnu,contact@elite-glass.fr,contact@elite-glass.fr
La carte d'Au Petit Bouchon à Istres,https://www.au-petit-bouchon-istres.fr/notre-carte,Restauration,contact@au-petit-bouchon-istres.fr,contact@au-petit-bouchon-istres.fr
Nos produits pour barbe et cheveux à Istres,https://www.perez-coiffure.fr/produits,Inconnu,contact@perez-coiffure.fr,contact@perez-coiffure.fr
Les valeurs de L'Atelier de Kali à Istres,https://www.atelier-de-kali.fr/mes-valeurs,Inconnu,contact@atelier-de-kali.fr,contact@atelier-de-kali.fr
La galerie photos de 2D Construction à Istres,https://www.2d-construction.fr/galerie,BTP,contact@2d-construction.fr,contact@2d-construction.fr
Travaux de rénovation extérieure près d'Istre – Devis détaillé,https://www.landri-renovations.fr/renovation-exterieure,BTP,contact@landri-renovations.fr,contact@landri-renovations.fr
Construction d'immeuble de logement aux Mées – Contactez-nous,https://www.gal-construction.fr/immeubles-de-logement,Inconnu,contact@gal-construction.fr,contact@gal-construction.fr
Électroménager à Martigues : Cerri Ménager,https://www.depannage-electromenager-martigues.fr/,Inconnu,,
Centre de réparation d'électroménagers à Salon-de-Provence,https://www.crem13.fr/,Inconnu,contact@crem13.fr,contact@crem13.fr
Vidéaste de mariages à Istres et ses environs | Contactez-moi !,https://www.mishkavision.com/videaste,Inconnu,contact@mishkavision.com,contact@mishkavision.com
Diagnostic de performance énergétique | DPE à Istres,https://www.diagtip-immobilier.fr/dpe,Immobilier,contact@diagtip-immobilier.fr,contact@diagtip-immobilier.fr
Contactez nos terrassiers proche de La Seyne-sur-Mer,https://www.olympe-terrassements.fr/contact,BTP,contact@olympe-terrassements.fr,contact@olympe-terrassements.fr
L'association du Club d'Education Canine de Fos-sur-Mer.,https://www.club-deducation-canine.fr/,Inconnu,chrisado13@hotmail.com,chrisado13@hotmail.com
ANL Travaux et Constructions à Marseille,https://www.anl-travaux-constructions.fr/,BTP,,
Nettoyage automobile à domicile à Istres | Lavage auto,https://www.netauto-lavage.fr/nettoyage-automobile-a-domicile,Inconnu,contact@netauto-lavage.fr,contact@netauto-lavage.fr
Centre auto à Salon-de-Provence – Profitez d'un service clé en main !,https://www.lairdupneu.fr/,Inconnu,lairdupneu@gmail.com,lairdupneu@gmail.com
Carrossier expérimenté à Saint-Victoret I La Carrosserie Roux,https://www.carrosserie-roux13.fr/l-atelier-carrosserie-et-peinture,Automobile,contact@carrosserie-roux13.fr,contact@carrosserie-roux13.fr
Contactez votre entreprise de maçonnerie à Lançon- Provence,https://www.pocora-charpente.fr/contact,BTP,contact@pocora-charpente.fr,contact@pocora-charpente.fr
Location de matériel de réception à Miramas | Rent Events,https://www.rent-events-location-materiel-miramas.fr/,Immobilier,contact@rent-events-location-materiel-miramas.fr,contact@rent-events-location-materiel-miramas.fr
Entreprise de climatisation et plomberie à Gignac-la-Nerthe,https://www.dall-clim.fr/,BTP,contact@dall-clim.fr,contact@dall-clim.fr
Agents de sécurité à votre service à Marseille,https://www.securite7.fr/,Inconnu,,
Restaurant bistronomique à Salon-de-Provence - Réservez votre table,https://www.lemoulindisnard.fr/,Restauration,contact@lemoulindisnard.fr,contact@chez-maxime.fr; contact@lemoulindisnard.fr
Plateaux de fruits de mer à Arles à proximité d'Istres,https://www.poissonnerie-armand.fr/plateaux-de-fruits-de-mer,Inconnu,,
Jardinier paysagiste à Salon-De-Provence,https://www.jm-espaces-verts13.fr/,Bien-être,contact@jm-espaces-verts13.fr,jmespacesverts@orange.fr; contact@jm-espaces-verts13.fr
Élagueurs dans les Bouches-du-Rhône et Sud Vaucluse  – Contactez-nous,https://www.soforest.fr/,BTP,,
"Contact – Philippe André Expertises, experts dans les Bouches-du-Rhône",https://www.paca-expert-batiment.fr/contact,Formation,,
Galerie photos de SRM Soudure à Saint-Martin-de-Crau,https://www.srm-soudure.fr/conception-et-realisations,Inconnu,contact@srm-soudure.fr,contact@srm-soudure.fr
Contactez vos marbriers pour une restauration de caveaux à Pouzilhac,https://www.pierre-marbrerie.fr/contact,Inconnu,contact@pierre-marbrerie.fr,contact@pierre-marbrerie.fr
Ferronniers serruriers à Miramas – Nous contacter,https://www.rgferronnerie.fr/contact,BTP,contact@rgferronnerie.fr,contact@rgferronnerie.fr
Nettoyage de fin de chantier à Marseille | Devis offert,https://www.saifa-nettoyage.fr/nettoyage-de-fin-de-chantier,Inconnu,contact@saifa-nettoyage.fr,contact@saifa-nettoyage.fr
"Bar à salades, à sandwichs, à pâtes, à crêpes et à gaufres à Marignane",https://www.sucre-sale-marignane.fr/,Restauration,contact@sucre-sale-marignane.fr,contact@sucre-sale-marignane.fr
Grossiste en fruits et légumes ou alors vente en gros et demi gros à Septèmes-les-Vallons,https://www.prim-13.fr/,Inconnu,,
Concierge à Saint-Mitre-les-Remparts – Contactez-moi,https://www.la-conciergerie-villageoise.fr/,Inconnu,contact@la-conciergerie-villageoise.fr,contact@la-conciergerie-villageoise.fr
Remorquage et enlèvement d'épaves à Rousset – France Dépannage,https://www.france-depannage13.fr/,Automobile,,
Vente de nourriture et de matériel pour reptiles près d'Istres,https://www.rongeurs-13.com/,Commerce,contact@rongeurs-13.com,contact@rongeurs-13.com
Travaux d'aménagement extérieur à Miramas,https://www.abps-terrassement.fr/,Inconnu,abps.miramas@orange.fr,abps.miramas@orange.fr
"Installation, réparation et entretien de gréement à Port-de-Bouc",https://www.gpnyachting.com/greement,Inconnu,contact@gpnyachting.com,contact@gpnyachting.com
Entreprise multiservice à Marseille,https://www.ml-multiservices.fr/,Inconnu,contact@ml-multiservices.fr,contact@ml-multiservices.fr
Entreprise d'électricité à Saint-Chamas,https://www.safe-elec13.fr/,Inconnu,contact@safe-elec13.fr,contact@safe-elec13.fr
Diagnostic amiante et plomb à Istres | Diagtip immobilier,https://www.diagtip-immobilier.fr/amiante-et-plomb,Inconnu,contact@diagtip-immobilier.fr,contact@diagtip-immobilier.fr
Dépannage automobile à Aubagne,https://www.excell-car.fr/depannage-et-remorquage,Inconnu,contact@excell-car.fr,contact@excell-car.fr
Notre histoire à Istres : savoir-faire issu de l'expérience,https://www.bonheur-et-bijoux.com/notre-histoire,Commerce,contact@bonheur-et-bijoux.com,contact@bonheur-et-bijoux.com; contact@cm2c.net
Assistance aux particuliers à Istres,https://www.sianna-clean-istres.fr/aide-a-domicile,Inconnu,contact@sianna-clean-istres.fr,contact@sianna-clean-istres.fr
Permis C à Marseille et à Vitrolles,https://www.grech-bernabo-formation.com/permis-c-poids-lourd,Inconnu,chrystel.trupiano@grech-bernabo-formation.com,chrystel.trupiano@grech-bernabo-formation.com
ferronnerie autour de moi à Miramas,https://www.rgferronnerie.fr/,BTP,contact@rgferronnerie.fr,contact@rgferronnerie.fr
Réparation de fibre de verre à Berre-l'Étang,https://www.rs13-carrosserie.fr/reparation-de-fibre-de-verre,Automobile,contact@rs13-carrosserie.fr,contact@rs13-carrosserie.fr
Nos créations à Istres : embellissez votre intérieur,https://www.les3bbbijoux.fr/mes-creations,Inconnu,bressonbrigitte@yahoo.fr,bressonbrigitte@yahoo.fr
Jardinier Paysagiste à Cornillon-Confoux | Contactez-moi,https://www.le-jardin-ideal-paysagiste.fr/accueil,Bien-être,contact@le-jardin-ideal-paysagiste.fr,contact@le-jardin-ideal-paysagiste.fr
Restaurant portugais et brésilien à Marseille,https://www.sabor-do-pecado.fr/,Restauration,contact@sabor-do-pecado.fr,contact@sabor-do-pecado.fr
Installation de systèmes d'alarme à Lançon-Provence,https://www.aecp-graceffa-lancon.fr/alarme,BTP,contact@aecp-graceffa-lancon.fr,aecp-graceffa@hotmail.fr; contact@aecp-graceffa-lancon.fr
Systèmes de chauffage près d'Istres | Appelez nos chauffagistes,https://www.jeremy-gritti-plombier.fr/chauffage,BTP,contact@jeremy-gritti-plombier.fr,contact@jeremy-gritti-plombier.fr
"Peinture intérieure et extérieure à Perpignan, Toulon et Miramas",https://www.espinospeinture.fr/peinture-de-tous-types-de-surfaces,Loisir,contact@espinospeinture.fr,contact@espinospeinture.fr
Lavage automobile complet à domicile à Istres et Miramas,https://www.netauto-lavage.fr/,Inconnu,contact@netauto-lavage.fr,contact@netauto-lavage.fr
Etanchéiste à Gémenos : Alternative Concept Maintenance,https://www.acm-etancheite-13.fr/,BTP,,
Ravalement de façades à Miramas | Appelez notre équipe,https://www.pro-facades-84.fr/ravalement-de-facades,Inconnu,contact@pro-facades-84.fr,contact@pro-facades-84.fr
Salon de thé Olivador à Miramas – Glaces artisanales & en cas sal,https://www.restaurant-olivadors-miramas.fr/salon-de-the,BTP,contact@restaurant-olivadors-miramas.fr,contact@restaurant-olivadors-miramas.fr
Les prestations de notre entreprise de VTC à Miramas,https://www.service-driver.fr/autres-prestations,Transport,,
Les prestations de votre traiteur situé à Miramas,https://www.tonton-juju.fr/evenements,Restauration,contact@tonton-juju.fr,contact@tontonjuju.fr; contact@tonton-juju.fr
Rénovation de façades à Miramas | Demandez votre devis,https://www.pro-facades-84.fr/renovation-de-facades,BTP,contact@pro-facades-84.fr,contact@pro-facades-84.fr
Chauffeur d'engins de chantier à Miramas,https://www.abps-terrassement.fr/prestation-chauffeur-d-engins-et-poids-lourds,Transport,abps.miramas@orange.fr,abps.miramas@orange.fr
Ferronniers à Miramas,https://www.rgferronnerie.fr/ferronnerie,Inconnu,contact@rgferronnerie.fr,contact@rgferronnerie.fr
Les tarifs de nos prestations : Elia Plans à Miramas (13),https://www.eliaplans.fr/tarifs,Inconnu,contact@eliaplans.fr,eliaplans@gmail.com; contact@eliaplans.fr
Travaux de terrassement à Miramas,https://www.abps-terrassement.fr/terrassement,Inconnu,abps.miramas@orange.fr,abps.miramas@orange.fr
Informations utiles pour les locataires | Services et assistance,https://www.jmf-conciergerie-services.fr/locataires,Formation,contact@jmf-conciergerie-services.fr,contact@jmf-conciergerie-services.fr
Agencement de locaux professionnels à Plan-d'Orgon,https://www.idylplan.com/professionnel,Inconnu,,
Traiteurs méchoui à Berre-l'Étang près de Marseille,https://www.traiteurs-les4saisons.fr/,Restauration,contact@traiteurs-les4saisons.fr,contact@traiteurs-les4saisons.fr
Événements et séminaires à Port de Bouc,https://www.alx-events-dj.fr/evenements-prives-professionnels,Inconnu,contact@alx-events-dj.fr,contact@alx-events-dj.fr
Entreprise d'aménagement à Lançon-Provence,https://www.mb-construction13.fr/,Inconnu,contact@mb-construction13.fr,contact@mb-construction13.fr
GPN Yachting : réparation et maintenance navale,https://www.gpnyachting.com/,Inconnu,contact@gpnyachting.com,contact@gpnyachting.com
Travaux de maçonnerie générale à Salon-de-Provence,https://www.js-maconnerie.fr/,BTP,,
Formation et conseil aux entreprises à La Garde | Impuls'RH,https://www.formation-conseil-var.fr/,Formation,contact@formation-conseil-var.fr,contact@formation-conseil-var.fr
Réparation de vitrage automobile à Istres,https://www.elite-glass.fr/,Inconnu,contact@elite-glass.fr,contact@elite-glass.fr
La carte de vin de notre restaurant à Salon-de-Provence,https://www.lemoulindisnard.fr/carte-des-vins,Restauration,contact@lemoulindisnard.fr,contact@chez-maxime.fr; contact@lemoulindisnard.fr
Contactez I Love Fripe à Marseille,https://www.ilovefripe.fr/contact,Formation,contact@ilovefripe.fr,mgassocie@outlook.fr; contact@ilovefripe.fr
Énergéticien à Salon-de-Provence,https://www.magnetisme-chamanique.fr/,Inconnu,contact@magnetisme-chamanique.fr,contact@magnetisme-chamanique.fr
Contactez notre entreprise de services funéraires à Sorgues,https://www.jeremy-funeraire.fr/contact,Inconnu,contact@jeremy-funeraire.fr,contact@jeremy-funeraire.fr
Votre course express à La Farlède,https://www.tkexpresss.fr/votre-course-express,Formation,,
Chauffagistes à Salon-de-Provence,https://www.mcm-plomberie.fr/chauffage,BTP,mcm.plomberie13@outlook.fr,mcm.plomberie13@outlook.fr
Sculpteur à Saint-Gilles – Contactez-moi,https://www.lantredumage.fr/,Inconnu,contact@lantredumage.fr,contact@lantredumage.fr
Entretien de maisons dans les Bouches-du-Rhône près d'Arles,https://www.fred-multiservices13.fr/multiservices,Loisir,contact@fred-multiservices13.fr,contact@fred-multiservices13.fr
La carte et les tarifs de votre traiteur à Miramas,https://www.tonton-juju.fr/suggestions-du-moment,Restauration,contact@tonton-juju.fr,contact@tontonjuju.fr; contact@tonton-juju.fr
Électricité à Salon-de-Provence : AECP,https://www.aecp-graceffa-lancon.fr/eclairage,BTP,contact@aecp-graceffa-lancon.fr,aecp-graceffa@hotmail.fr; contact@aecp-graceffa-lancon.fr
Nettoyage de canapés à Istres et Miramas,https://www.netauto-lavage.fr/nettoyage-de-canapes,Inconnu,contact@netauto-lavage.fr,contact@netauto-lavage.fr
Entreprise de nettoyage à Salon-de-Provence | Appelez-moi,https://www.ovidiu-nettoyage.fr/,Inconnu,paunovidiu00@gmail.com,paunovidiu00@gmail.com
Artisans plombiers à Lançon-Provence – Contactez-nous,https://www.aecp-graceffa-lancon.fr/plomberie,BTP,contact@aecp-graceffa-lancon.fr,aecp-graceffa@hotmail.fr; contact@aecp-graceffa-lancon.fr
Services de nettoyage à Salon-de-Provence | Devis offert,https://www.ovidiu-nettoyage.fr/contact,Inconnu,paunovidiu00@gmail.com,paunovidiu00@gmail.com
Boutique de fripe à Marseille,https://www.ilovefripe.fr/nos-boutiques,Commerce,contact@ilovefripe.fr,mgassocie@outlook.fr; contact@ilovefripe.fr
Lavage automobile à Miramas | Demandez votre devis,https://www.shooterclean.fr/,Inconnu,h.assoumani@outlook.fr,h.assoumani@outlook.fr
Paysagiste et spécialiste en aménagement paysager à Vitrolles | Aristhé Paysage,https://www.creation-jardin-13.fr/,BTP,contact@creation-jardin-13.fr,contact@creation-jardin-13.fr
Cabinet de comptabilité à Vitrolles : ADM Experts,https://www.admexperts.fr/,Inconnu,contact@admexperts.fr,contact@admexperts.fr
Transport et expédition à Vitrolles,https://www.transcargo.fr/,Transport,contact@transcargo.fr,contact@transcargo.fr
Électricité pour les particuliers à Vitrolles,https://www.sylv-elec.fr/electricite-pour-les-particuliers,Inconnu,contact@sylv-elec.fr,contact@sylv-elec.fr
Auto-école à Marseille et à Vitrolles – contactez-nous,https://www.grech-bernabo-formation.com/contact,Automobile,chrystel.trupiano@grech-bernabo-formation.com,chrystel.trupiano@grech-bernabo-formation.com
Déménagement à Vitrolles et environs | Organisez votre transition,https://www.b-sam-transport-demenagement.fr/demenagement,Transport,contact@b-sam-transport-demenagement.fr,contact@b-sam-transport-demenagement.fr
Soliers à Rognac proche de Vitrolles,https://www.rp-sol.fr/pose-de-sol,Inconnu,,
Le drainage Renata à Vitrolles,https://www.alexa-drainage-renata.fr/le-drainage-renata,Inconnu,contact@alexa-drainage-renata.fr,contact@alexa-drainage-renata.fr
Agencement extérieur et paysagiste à Cabriès – Contactez-nous,https://www.jls-environnement.fr/,Bien-être,contact@jls-environnement.fr,contact@jls-environnement.fr
Paysagiste dans le 8? arrondissement de Marseille,https://www.elvis-jardin-paysage.fr/,Inconnu,contact@elvis-jardin-paysage.fr,contact@elvis-jardin-paysage.fr
Travaux de rénovation électrique à Vitrolles – Appelez-moi,https://www.pitou-depanne-tout.fr/renovation,BTP,contact@pitou-depanne-tout.fr,contact@pitou-depanne-tout.fr
Installations de communication en courant faible : Arcom Provence (13).,https://www.arcom-provence.fr/communication,Inconnu,contact@arcom-provence.fr,contact@arcomprovence.com; contact@arcom-provence.fr
Entreprise de plomberie à Vitrolles,https://www.mel-plomberie.fr/,Inconnu,contact@mel-plomberie.fr,contact@mel-plomberie.fr
Entreprise de construction aux Pennes-Mirabeau,https://www.lh-agencement-13.fr/,BTP,,
Entreprise paysagère à La Seyne-sur-Mer : Jardizen,https://www.jardizen-paysagiste-designer.fr/,Inconnu,contact@jardizen-paysagiste-designer.fr,contact@jardizen-paysagiste-designer.fr
Commissionnaires de transport à Vitrolles,https://www.transcargo.fr/commissionnaire-de-transport,Transport,contact@transcargo.fr,contact@transcargo.fr
Entretien d'espaces verts à Marignane,https://www.mb-elagage.fr/mes-prestations,Bien-être,contact@mb-elagage.fr,contact@mb-elagage.fr
Mentions Légales - TRANSCARGO,https://www.transcargo.fr/mentions-legales,Inconnu,contact@transcargo.fr,contact@transcargo.fr
Terrassement à Vitrolles |Aristhé Paysage,https://www.creation-jardin-13.fr/terrassement,Inconnu,contact@creation-jardin-13.fr,contact@creation-jardin-13.fr
La galerie photos de votre restaurant thaïlandais à Vitrolles,https://www.le-maza.fr/galerie-photos,Restauration,,
Mademoiselle Fromages à Venelles,https://www.mademoisellefromages.fr/,Inconnu,,
Travaux de climatisation et de plomberie à Rognac – Demandez un devis,https://www.msenergies-paoli.fr/contact,BTP,contact@msenergies-paoli.fr,contact@paoli-climatisation.fr; contact@msenergies-paoli.fr
Artisans plaquistes à Châteauneuf-les-Martigues,https://www.plaquiste-turco.fr/,BTP,contact@plaquiste-turco.fr,jmturco13@gmail.com; contact@plaquiste-turco.fr
Couvreur Zingueur à Châteauneuf-les-Martigues et Marignane,https://www.couverture-moreau-13.fr/,Inconnu,,
Restaurant arménien aux Pennes-Mirabeau,https://www.restaurant-lerdv.fr/,Restauration,contact@restaurant-lerdv.fr,contact@restaurant-lerdv.fr
Entreprise de rénovation à Saint-Victoret – Appelez nous,https://www.o2k.fr/,BTP,contact@o2k.fr,contact@o2k.fr
Courtier en assurance à Orange – Appelez-moi,https://www.assurlab.com/,Finance,contact@assurlab.com,contact@assurlab.com
Entreprise de rénovation à Salon-de-Provence  | Contactez-nous,https://www.almbat13.fr/,BTP,contact@almbat13.fr,contact@almbat13.fr
Transporteurs et livreurs de marchandises à Biguglia – Contactez-nous,https://www.trans-corsica.fr/,Transport,contact@trans-corsica.fr,transcorsica@orange.fr; contact@trans-corsica.fr
Traiteurs à Borgo – Passez votre commande,https://www.koro-exotics.com/traiteur,Restauration,contact@koro-exotics.com,contact@koro-exotics.com
Soutien juridique aux soignants à Marseille 11e,https://www.medibook-facturation.fr/juridique,Inconnu,contact@medibook.pro,contact@medibook.pro
Vente | Laetitia De Pascale,https://www.laetitia-de-pascale-immobilier.fr/vente,Inconnu,,
Rénovation et ravalement à Aix en Provence et à Puyricard: ETS AUBERT,https://www.ets-aubert.fr/,BTP,contact@ets-aubert.fr,contact@ets-aubert.fr
Travaux d'électricité à Marseille près de Martigues,https://www.fari-elec.fr/,Inconnu,contact@fari-elec.fr,contact@fari-elec.fr
Nettoyage de véhicule à Marseille – Une voiture propre,https://www.garage-nadjim.fr/nettoyage-vehicule,Automobile,,
Électricien multi-services à Martigues – Contactez-moi,https://www.alloludo.fr/,BTP,contact@alloludo.fr,contact@alloludo.fr
Agent d'entretien qualifiée à Istres,https://www.sianna-clean-istres.fr/agent-d-entretien,Inconnu,contact@sianna-clean-istres.fr,contact@sianna-clean-istres.fr
Service de remorquage et de dépannage à Marseille | Profitez !,https://www.allo-auto-depannage.fr/,Inconnu,contact@allo-auto-depannage.fr,contact@allo-auto-depannage.fr
Livraison de plats aux Pennes-Mirabeau | Appelez-nous,https://www.pronto-pizza-13.fr/livraison-emporte,Transport,contact@pronto-pizza-13.fr,contact@pronto-pizza-13.fr
Pose d'enrochements à Miramas,https://www.abps-terrassement.fr/enrochement,Inconnu,abps.miramas@orange.fr,abps.miramas@orange.fr
Entreprise de nettoyage dans toutes les Bouches-du-Rhône,https://www.montynettoyage.fr/,Inconnu,contact@montynettoyage.fr,contact@montynettoyage.fr
Entreprise spécialisée dans le courant faible à Noves,https://www.arcom-provence.fr/,Inconnu,contact@arcom-provence.fr,contact@arcomprovence.com; contact@arcom-provence.fr
Véhicules rénovés à Gignac-la-Nerthe,https://www.mc-mobile.fr/mes-realisations,BTP,contact@mc-mobile.fr,contact@mc-mobile.fr
Pose de dalles à Cabriès – Faites appel à nos artisans !,https://www.jls-environnement.fr/pose-de-dalles,BTP,contact@jls-environnement.fr,contact@jls-environnement.fr
Dégraissage de hotte à proximité de Vitrolles – Alliance Hygiène,https://www.alliancehygiene.fr/degraissage-de-hotte,Inconnu,contact@alliancehygiene.fr,contact@alliancehygiene.fr
Galerie photos de Pitou Dépanne Tout à Vitrolles,https://www.pitou-depanne-tout.fr/realisations,Inconnu,contact@pitou-depanne-tout.fr,contact@pitou-depanne-tout.fr
Extension de maisons aux Pennes-Mirabeau,https://www.lh-agencement-13.fr/petite-extension-de-maison,Inconnu,,
Pizzeria et restaurant à Marignane,https://www.road66-timeopizza-burger.fr/,Restauration,contact@road66-timeopizza-burger.fr,contact@road66-timeopizza-burger.fr
Dépannage automobile proche de Vitrolles | Appelez-moi,https://www.sos-auto-depannage.fr/depannage-auto,Inconnu,13130ismael@gmail.com,13130ismael@gmail.com
Terrassier à Miramas,https://www.abps-terrassement.fr/viabilisation-nivellement-excavation,Inconnu,abps.miramas@orange.fr,abps.miramas@orange.fr
Spécialiste de travaux de maçonnerie paysagère à Vitrolles– Déco'Verte,https://www.decoverte-medinscoop.fr/maconnerie-paysagere,BTP,contact@decoverte-medinscoop.fr,contact@decoverte-medinscoop.frz; contact@decoverte-medinscoop.fr
Les formations d'Impuls'RH à La Garde,https://www.formation-conseil-var.fr/formation,Formation,contact@formation-conseil-var.fr,contact@formation-conseil-var.fr
Photos école de draisiennes à Aix-en-Provence | Fixer un rendez-vous,https://www.kidsridersschool.fr/galerie-photos,Formation,contact@kidsridersschool.fr,contact@kidsridersschool.fr
Contactez notre bijouterie à Martigues,https://www.bijouterie-canelle.fr/contact,Commerce,contact@bijouterie-canelle.fr,contact@bijouterie-canelle.fr
Agence de location de voitures et de bateaux à Martigues,https://www.ml-cars.fr/,Immobilier,contact@ml-cars.fr,contact@ml-cars.fr
Association spécialisée dans les métiers de l'audiovisuel à Martigues,https://www.provence-action-tournage.fr/,Formation,contact@provence-action-tournage.fr,contact@provence-action-tournage.fr
Les photos de nos travaux de rénovation à Martigues,https://www.smgm-batiment.fr/nos-realisations,BTP,contact@smgm-batiment.fr,contact@smgm-batiment.fr
Artisan plombier chauffagiste à Châteauneuf-les-Martigues – TCEA Méditerranée,https://www.plombier-martigues.fr/,BTP,contact@plombier-martigues.fr,contact@plombier-martigues.fr
Travaux de ravalement de façades à Châteauneuf-les-Martigues,https://www.lagrenee-multiservices.fr/ravalement-de-facades,Loisir,contact@lagrenee-multiservices.fr,contact@lagrenee-multiservices.fr
Préparation à la vente de bateau à Fos-sur-Mer et Martigues,https://www.atelier-terre-et-mer.fr/preparation-a-la-vente-et-mise-en-main,Inconnu,,
Club aquatique à Martigues | Contactez notre école,https://www.martigues-natation.com/contact,Formation,anthony.martiguesnatation@gmail.com,anthony.martiguesnatation@gmail.com
Plâtriers à Châteauneuf-les-Martigues,https://www.plaquiste-turco.fr/plaquiste,Inconnu,contact@plaquiste-turco.fr,jmturco13@gmail.com; contact@plaquiste-turco.fr
La galerie de nos réalisations à Martigues,https://www.lrbat-13.fr/nos-realisations,Inconnu,contact@lrbat-13.fr,contact@lrbat-13.fr
Isolation des combles à Châteauneuf-les-Martigues,https://www.plaquiste-turco.fr/isolation,BTP,contact@plaquiste-turco.fr,jmturco13@gmail.com; contact@plaquiste-turco.fr
Contactez Anai's Photographe à Martigues | Renseignez-vous,https://www.anais-photographe-martigues.fr/demande-de-devis,Inconnu,contact@anais-photographe-martigues.fr,contact@anais-photographe-martigues.fr
Entreprise maçonnerie générale à Martigues,https://www.smgm-batiment.fr/maconnerie-generale,BTP,contact@smgm-batiment.fr,contact@smgm-batiment.fr
Mentions Légales - CERRI MICHEL,https://www.depannage-electromenager-martigues.fr/mentions-legales,Inconnu,,
Menuisiers à Châteauneuf-les-Martigues – Demandez un devis !,https://www.ferrari-menuiseries.fr/,BTP,contact@ferrari-menuiseries.fr,contact@ferrari-menuiseries.fr
À propos du club de natation à Martigues |Contactez-nous,https://www.martigues-natation.com/le-club,Inconnu,anthony.martiguesnatation@gmail.com,anthony.martiguesnatation@gmail.com
Partenaires | Chez Manou à Martigues,https://www.chambres-dhotes-paca-chez-manou.fr/nos-partenaires,Inconnu,contact@chambres-dhotes-paca-chez-manou.fr,contact@chambres-dhotes-paca-chez-manou.fr
Charpentier à Châteauneuf-les-Martigues,https://www.lagrenee-multiservices.fr/charpente,BTP,contact@lagrenee-multiservices.fr,contact@lagrenee-multiservices.fr
Taille de haies  à Châteauneuf-les-Martigues : FD Élagage.,https://www.fd-elagage.fr/taille,Inconnu,contact@fd-elagage.fr,contact@fd-elagage.fr
Électricien à Martigues – Demandez votre devis,https://www.alloludo.fr/electricite-generale,BTP,contact@alloludo.fr,contact@alloludo.fr
Les tarifs de notre agence de location de véhicules à Martigues,https://www.ml-cars.fr/tarifs,Immobilier,contact@ml-cars.fr,contact@ml-cars.fr
Pose & Rénovation de toitures | Couvreurs à Martigues,https://www.smgm-batiment.fr/couverture-toiture,BTP,contact@smgm-batiment.fr,contact@smgm-batiment.fr
Commandes spéciales à Arles près d'Orange : Poissonnerie Armand,https://www.poissonnerie-armand.fr/commandes-speciales,Inconnu,,
Aménagement paysager et location de bennes à Fos-sur-Mer – Appelez-nous,https://www.chris-espaces-verts.fr/,Immobilier,contact@chris-espaces-verts.fr,contact@chris-espaces-verts.fr
La galerie d'un élagueur paysagiste à Martigues – Contactez-nous,https://www.nature-du-littoral.fr/galerie-photos,Inconnu,,
Contactez Loc'Azur à Fos-sur-Mer,https://www.loc-azur.fr/contact,Formation,contact@loc-azur.fr,locazur@gmail.com; contact@loc-azur.fr
Plombiers chauffagistes à Marseille,https://www.plomberie-rougier-marseille.fr/,BTP,contact@plomberie-rougier-marseille.fr,contact@plomberie-rougier-marseille.fr
"Peinture, mécanique rapide, vente de véhicules neufs et d'occasion à Saint-Victoret I La Carrosserie Roux",https://www.carrosserie-roux13.fr/,Automobile,contact@carrosserie-roux13.fr,contact@carrosserie-roux13.fr
Taxi aéroport/gare à Briançon – Réservez votre taxi,https://www.taxibenbriancon.fr/trajets-aeroports-gares,Transport,contact@taxibenbriancon.fr,contact@taxibenbriancon.fr
Aménagement intérieur à Marseille – Particuliers et professionnels,https://www.ambiancebeton.fr/,Inconnu,contact@ambiancebeton.fr,contact@ambiancebeton.fr
La carte de notre restaurant thaïlandais à Vitrolles,https://www.le-maza.fr/notre-carte,Restauration,,
Couvreur façadier aux Pennes-Mirabeau,https://www.lartisan-ferret.fr/,BTP,,
Contactez ma boutique de prêt-à-porter à Marignane,https://www.lecomptoir-de-la-friperie.fr/contact,Commerce,contact@lecomptoir-de-la-friperie.fr,contact@lecomptoir-de-la-friperie.fr
Garage automobile à Marignane,https://www.carrosserie-nouvelle.fr/,BTP,contact@carrosserie-nouvelle.fr,contact@carrosserie-nouvelle.fr
Entreprise multiservices à Marignane,https://www.maia-clim.fr/multiservices,BTP,contact@maia-clim.fr,contact@maia-clim.fr
Institut de beauté à Marignane | Appelez-moi maintenant,https://www.dermasublime.fr/contact,Beauté,gurynadege@gmail.com,gurynadege@gmail.com
Privatisation de la salle du restaurant à Marignane,https://www.sucre-sale-marignane.fr/privatisation-de-salle,Restauration,contact@sucre-sale-marignane.fr,contact@sucre-sale-marignane.fr
Travaux de maçonnerie générale à Marignane et à Fréjus,https://www.tristan-chiron.fr/maconnerie-generale,BTP,,
Travaux de maçonnerie et de rénovation à Marignane,https://www.arslan-btp.fr/,BTP,contact@arslan-btp.fr,contact@arslan-btp.fr
Petite maçonnerie à Marignane - Un rendu durable et esthétique,https://www.artisan-modeste.fr/travaux-maconnerie,BTP,,
Les burgers de votre finger food à Marignane,https://www.road66-timeopizza-burger.fr/nos-burgers,Inconnu,contact@road66-timeopizza-burger.fr,contact@road66-timeopizza-burger.fr
Maçon à Marignane,https://www.sadok-maconnerie13.fr/,BTP,,
Plombiers à Gignac-la-Nerthe,https://www.dall-clim.fr/plomberie,BTP,contact@dall-clim.fr,contact@dall-clim.fr
Peintres à Marignane – Optez pour une peinture unique,https://www.artisan-modeste.fr/peinture-interieure,BTP,,
Contactez votre pizzeria à Marignane,https://www.road66-timeopizza-burger.fr/contact,Restauration,contact@road66-timeopizza-burger.fr,contact@road66-timeopizza-burger.fr
Les photos de notre garage automobile à Marignane,https://www.carrosserie-nouvelle.fr/galerie,Automobile,contact@carrosserie-nouvelle.fr,contact@carrosserie-nouvelle.fr
Menus à composer à Marignane,https://www.sucre-sale-marignane.fr/a-composer,Restauration,contact@sucre-sale-marignane.fr,contact@sucre-sale-marignane.fr
Restaurant asiatique à Sausset-les-Pins - Contactez-nous !,https://www.restaurant-saowan.fr/,Restauration,contact@restaurant-saowan.fr,contact@restaurant-saowan.fr
Garage automobile au Rove – Vente de véhicules neufs et d'occasion,https://www.lv-autos.fr/,Automobile,contact@lv-autos.fr,contact@lv-autos.fr
Gestionnaire de distributeurs automatiques à Toulon,https://www.maac12-distribution.fr/,Inconnu,contact@maac12-distribution.fr,contact@maac12-distribution.fr
Cabinet de kinésithérapie et espace bien-être à La Fare-les-Oliviers,https://www.espace-de-la-cremade.fr/,Bien-être,contact@espace-de-la-cremade.fr,contact@espace-de-la-cremade.fr
Travaux de toiture et de couverture à Cabriès,https://www.couvreur-cabries.fr/,Inconnu,contact@couvreur-cabries.fr,contact@couvreur-cabries.fr
Restaurant italien à Saint-Victoret,https://www.litaliano-del-sud.fr/,Restauration,,
